daily_volume,time,total_volume,Pool-Name
85682.69770350383,2021-05-05T00:00:00+00:00,85682.69770350383,DAI / ETH 0.05% fee
1431466.6986892684,2021-05-06T00:00:00+00:00,1517149.3963927724,DAI / ETH 0.05% fee
8459798.748977846,2021-05-07T00:00:00+00:00,9976948.145370618,DAI / ETH 0.05% fee
6341873.939812658,2021-05-08T00:00:00+00:00,16318822.085183276,DAI / ETH 0.05% fee
270720.1290687736,2021-05-09T00:00:00+00:00,16589542.21425205,DAI / ETH 0.05% fee
316250.3742327138,2021-05-10T00:00:00+00:00,16905792.588484764,DAI / ETH 0.05% fee
216626.3666599908,2021-05-11T00:00:00+00:00,17122418.955144756,DAI / ETH 0.05% fee
316630.9793842821,2021-05-12T00:00:00+00:00,17439049.934529036,DAI / ETH 0.05% fee
735255.0894445326,2021-05-13T00:00:00+00:00,18174305.02397357,DAI / ETH 0.05% fee
132819.95603969376,2021-05-14T00:00:00+00:00,18307124.980013262,DAI / ETH 0.05% fee
87823.57792452472,2021-05-15T00:00:00+00:00,18394948.557937786,DAI / ETH 0.05% fee
267465.58149360435,2021-05-16T00:00:00+00:00,18662414.13943139,DAI / ETH 0.05% fee
266496.7320557635,2021-05-17T00:00:00+00:00,18928910.871487156,DAI / ETH 0.05% fee
302272.67955195706,2021-05-18T00:00:00+00:00,19231183.55103911,DAI / ETH 0.05% fee
1478.710532701436,2021-05-19T00:00:00+00:00,19232662.261571813,DAI / ETH 0.05% fee
314.0261910518837,2021-05-20T00:00:00+00:00,19232976.287762865,DAI / ETH 0.05% fee
390.28432841668615,2021-05-21T00:00:00+00:00,19233366.57209128,DAI / ETH 0.05% fee
213.59620266685207,2021-05-22T00:00:00+00:00,19233580.16829395,DAI / ETH 0.05% fee
82108.91181028602,2021-05-23T00:00:00+00:00,19315689.080104236,DAI / ETH 0.05% fee
984122.2358451746,2021-05-24T00:00:00+00:00,20299811.31594941,DAI / ETH 0.05% fee
1039256.4062775549,2021-05-25T00:00:00+00:00,21339067.722226966,DAI / ETH 0.05% fee
1127929.4875203425,2021-05-26T00:00:00+00:00,22466997.209747307,DAI / ETH 0.05% fee
40181966.38729721,2021-05-27T00:00:00+00:00,62648963.59704452,DAI / ETH 0.05% fee
2612556.785126551,2021-05-28T00:00:00+00:00,65261520.38217107,DAI / ETH 0.05% fee
3383687.0642985464,2021-05-29T00:00:00+00:00,68645207.44646962,DAI / ETH 0.05% fee
7878104.826153778,2021-05-30T00:00:00+00:00,76523312.2726234,DAI / ETH 0.05% fee
9189264.888624407,2021-05-31T00:00:00+00:00,85712577.1612478,DAI / ETH 0.05% fee
4634476.805183528,2021-06-01T00:00:00+00:00,90347053.96643133,DAI / ETH 0.05% fee
7128019.024049135,2021-06-02T00:00:00+00:00,97475072.99048047,DAI / ETH 0.05% fee
18656952.059522014,2021-06-03T00:00:00+00:00,116132025.05000249,DAI / ETH 0.05% fee
5528765.018266261,2021-06-04T00:00:00+00:00,121660790.06826875,DAI / ETH 0.05% fee
4045362.7644659127,2021-06-05T00:00:00+00:00,125706152.83273466,DAI / ETH 0.05% fee
1899336.4445240528,2021-06-06T00:00:00+00:00,127605489.27725871,DAI / ETH 0.05% fee
6930442.3540031705,2021-06-07T00:00:00+00:00,134535931.6312619,DAI / ETH 0.05% fee
6099678.7082123365,2021-06-08T00:00:00+00:00,140635610.33947423,DAI / ETH 0.05% fee
2963996.9674315834,2021-06-09T00:00:00+00:00,143599607.3069058,DAI / ETH 0.05% fee
2512824.4970639283,2021-06-10T00:00:00+00:00,146112431.80396974,DAI / ETH 0.05% fee
7074660.537050658,2021-06-11T00:00:00+00:00,153187092.34102038,DAI / ETH 0.05% fee
11749997.820633953,2021-06-12T00:00:00+00:00,164937090.16165435,DAI / ETH 0.05% fee
18399364.30189503,2021-06-13T00:00:00+00:00,183336454.46354938,DAI / ETH 0.05% fee
24106067.558668807,2021-06-14T00:00:00+00:00,207442522.02221817,DAI / ETH 0.05% fee
21392480.20511986,2021-06-15T00:00:00+00:00,228835002.22733805,DAI / ETH 0.05% fee
26408398.65823809,2021-06-16T00:00:00+00:00,255243400.88557613,DAI / ETH 0.05% fee
35605150.24525798,2021-06-17T00:00:00+00:00,290848551.1308341,DAI / ETH 0.05% fee
48402310.284521244,2021-06-18T00:00:00+00:00,339250861.4153553,DAI / ETH 0.05% fee
21432381.368182447,2021-06-19T00:00:00+00:00,360683242.7835378,DAI / ETH 0.05% fee
26921731.239129294,2021-06-20T00:00:00+00:00,387604974.0226671,DAI / ETH 0.05% fee
93444504.0495928,2021-06-21T00:00:00+00:00,481049478.0722599,DAI / ETH 0.05% fee
43802503.07269427,2021-06-22T00:00:00+00:00,524851981.14495414,DAI / ETH 0.05% fee
41969344.55764269,2021-06-23T00:00:00+00:00,566821325.7025969,DAI / ETH 0.05% fee
23210743.810510065,2021-06-24T00:00:00+00:00,590032069.513107,DAI / ETH 0.05% fee
37892773.26994019,2021-06-25T00:00:00+00:00,627924842.7830471,DAI / ETH 0.05% fee
92381487.08816028,2021-06-26T00:00:00+00:00,720306329.8712074,DAI / ETH 0.05% fee
46846990.47976684,2021-06-27T00:00:00+00:00,767153320.3509742,DAI / ETH 0.05% fee
95239846.82814343,2021-06-28T00:00:00+00:00,862393167.1791177,DAI / ETH 0.05% fee
91573089.42406847,2021-06-29T00:00:00+00:00,953966256.6031861,DAI / ETH 0.05% fee
109373416.25916356,2021-06-30T00:00:00+00:00,1063339672.8623497,DAI / ETH 0.05% fee
100643947.7599979,2021-07-01T00:00:00+00:00,1163983620.6223476,DAI / ETH 0.05% fee
48238253.18213169,2021-07-02T00:00:00+00:00,1212221873.8044794,DAI / ETH 0.05% fee
35328550.62034588,2021-07-03T00:00:00+00:00,1247550424.4248252,DAI / ETH 0.05% fee
40877575.510480106,2021-07-04T00:00:00+00:00,1288427999.9353054,DAI / ETH 0.05% fee
68116708.33460547,2021-07-05T00:00:00+00:00,1356544708.2699108,DAI / ETH 0.05% fee
55005391.819317594,2021-07-06T00:00:00+00:00,1411550100.0892284,DAI / ETH 0.05% fee
45633460.83799275,2021-07-07T00:00:00+00:00,1457183560.927221,DAI / ETH 0.05% fee
58363562.4542042,2021-07-08T00:00:00+00:00,1515547123.3814254,DAI / ETH 0.05% fee
67713785.14187106,2021-07-09T00:00:00+00:00,1583260908.5232964,DAI / ETH 0.05% fee
62511496.206543826,2021-07-10T00:00:00+00:00,1645772404.7298403,DAI / ETH 0.05% fee
32401140.971574515,2021-07-11T00:00:00+00:00,1678173545.7014146,DAI / ETH 0.05% fee
46363610.05958845,2021-07-12T00:00:00+00:00,1724537155.761003,DAI / ETH 0.05% fee
47468368.26560568,2021-07-13T00:00:00+00:00,1772005524.0266087,DAI / ETH 0.05% fee
55673532.29031991,2021-07-14T00:00:00+00:00,1827679056.3169286,DAI / ETH 0.05% fee
72668508.98833723,2021-07-15T00:00:00+00:00,1900347565.305266,DAI / ETH 0.05% fee
44836715.51560996,2021-07-16T00:00:00+00:00,1945184280.820876,DAI / ETH 0.05% fee
27554754.030238554,2021-07-17T00:00:00+00:00,1972739034.8511145,DAI / ETH 0.05% fee
31284743.926920634,2021-07-18T00:00:00+00:00,2004023778.7780352,DAI / ETH 0.05% fee
31654189.282508243,2021-07-19T00:00:00+00:00,2035677968.0605433,DAI / ETH 0.05% fee
20626030.26718333,2021-07-20T00:00:00+00:00,2056303998.3277266,DAI / ETH 0.05% fee
53067738.810975805,2021-07-21T00:00:00+00:00,2109371737.1387024,DAI / ETH 0.05% fee
51670209.71505146,2021-07-22T00:00:00+00:00,2161041946.853754,DAI / ETH 0.05% fee
40901648.961970866,2021-07-23T00:00:00+00:00,2201943595.815725,DAI / ETH 0.05% fee
21498856.79830848,2021-07-24T00:00:00+00:00,2223442452.614033,DAI / ETH 0.05% fee
22164033.505919028,2021-07-25T00:00:00+00:00,2245606486.119952,DAI / ETH 0.05% fee
118989488.61373724,2021-07-26T00:00:00+00:00,2364595974.73369,DAI / ETH 0.05% fee
79755475.36437447,2021-07-27T00:00:00+00:00,2444351450.098064,DAI / ETH 0.05% fee
86522380.99381126,2021-07-28T00:00:00+00:00,2530873831.091875,DAI / ETH 0.05% fee
57748324.31378704,2021-07-29T00:00:00+00:00,2588622155.4056625,DAI / ETH 0.05% fee
70331492.10613245,2021-07-30T00:00:00+00:00,2658953647.5117946,DAI / ETH 0.05% fee
26734590.083427984,2021-07-31T00:00:00+00:00,2685688237.595223,DAI / ETH 0.05% fee
36251117.36279125,2021-08-01T00:00:00+00:00,2721939354.958014,DAI / ETH 0.05% fee
56687094.07055831,2021-08-02T00:00:00+00:00,2778626449.028572,DAI / ETH 0.05% fee
68826883.66291252,2021-08-03T00:00:00+00:00,2847453332.691485,DAI / ETH 0.05% fee
81323542.08783923,2021-08-04T00:00:00+00:00,2928776874.779324,DAI / ETH 0.05% fee
97540330.50693287,2021-08-05T00:00:00+00:00,3026317205.286257,DAI / ETH 0.05% fee
53992436.745237365,2021-08-06T00:00:00+00:00,3080309642.031494,DAI / ETH 0.05% fee
71878152.6936531,2021-08-07T00:00:00+00:00,3152187794.7251472,DAI / ETH 0.05% fee
60535456.47709793,2021-08-08T00:00:00+00:00,3212723251.202245,DAI / ETH 0.05% fee
57007739.72934237,2021-08-09T00:00:00+00:00,3269730990.9315877,DAI / ETH 0.05% fee
24941224.016914014,2021-08-10T00:00:00+00:00,3294672214.9485016,DAI / ETH 0.05% fee
14624443.225923683,2021-08-11T00:00:00+00:00,3309296658.1744256,DAI / ETH 0.05% fee
42648951.10633358,2021-08-12T00:00:00+00:00,3351945609.280759,DAI / ETH 0.05% fee
17326611.657525025,2021-08-13T00:00:00+00:00,3369272220.938284,DAI / ETH 0.05% fee
19255189.693843205,2021-08-14T00:00:00+00:00,3388527410.6321273,DAI / ETH 0.05% fee
43585597.013570845,2021-08-15T00:00:00+00:00,3432113007.645698,DAI / ETH 0.05% fee
54348929.63146399,2021-08-16T00:00:00+00:00,3486461937.277162,DAI / ETH 0.05% fee
82324723.56629136,2021-08-17T00:00:00+00:00,3568786660.8434534,DAI / ETH 0.05% fee
62913644.282471895,2021-08-18T00:00:00+00:00,3631700305.125925,DAI / ETH 0.05% fee
45806289.85703363,2021-08-19T00:00:00+00:00,3677506594.982959,DAI / ETH 0.05% fee
54393688.55548456,2021-08-20T00:00:00+00:00,3731900283.5384436,DAI / ETH 0.05% fee
40342944.744674504,2021-08-21T00:00:00+00:00,3772243228.283118,DAI / ETH 0.05% fee
23199000.39597633,2021-08-22T00:00:00+00:00,3795442228.6790943,DAI / ETH 0.05% fee
81846555.49544375,2021-08-23T00:00:00+00:00,3877288784.174538,DAI / ETH 0.05% fee
64583880.04388027,2021-08-24T00:00:00+00:00,3941872664.218418,DAI / ETH 0.05% fee
49866681.75393758,2021-08-25T00:00:00+00:00,3991739345.972356,DAI / ETH 0.05% fee
41919080.87868297,2021-08-26T00:00:00+00:00,4033658426.851039,DAI / ETH 0.05% fee
38737316.20857409,2021-08-27T00:00:00+00:00,4072395743.0596128,DAI / ETH 0.05% fee
27164253.51231039,2021-08-28T00:00:00+00:00,4099559996.5719233,DAI / ETH 0.05% fee
37221384.1761091,2021-08-29T00:00:00+00:00,4136781380.7480326,DAI / ETH 0.05% fee
66634945.71586703,2021-08-30T00:00:00+00:00,4203416326.4638996,DAI / ETH 0.05% fee
109006268.24167392,2021-08-31T00:00:00+00:00,4312422594.705573,DAI / ETH 0.05% fee
117255707.83593813,2021-09-01T00:00:00+00:00,4429678302.541512,DAI / ETH 0.05% fee
82800045.4603813,2021-09-02T00:00:00+00:00,4512478348.001893,DAI / ETH 0.05% fee
75011327.14528242,2021-09-03T00:00:00+00:00,4587489675.147175,DAI / ETH 0.05% fee
62314252.418869145,2021-09-04T00:00:00+00:00,4649803927.566045,DAI / ETH 0.05% fee
56175489.37538284,2021-09-05T00:00:00+00:00,4705979416.941427,DAI / ETH 0.05% fee
73626233.24586351,2021-09-06T00:00:00+00:00,4779605650.187291,DAI / ETH 0.05% fee
50181240.58962828,2021-09-07T00:00:00+00:00,4829786890.776919,DAI / ETH 0.05% fee
12227441.376100963,2021-09-08T00:00:00+00:00,4842014332.15302,DAI / ETH 0.05% fee
8701735.927086035,2021-09-09T00:00:00+00:00,4850716068.080106,DAI / ETH 0.05% fee
13534403.048373872,2021-09-10T00:00:00+00:00,4864250471.12848,DAI / ETH 0.05% fee
6916040.96740503,2021-09-11T00:00:00+00:00,4871166512.095885,DAI / ETH 0.05% fee
6499085.676971951,2021-09-12T00:00:00+00:00,4877665597.772857,DAI / ETH 0.05% fee
9772229.028550422,2021-09-13T00:00:00+00:00,4887437826.801407,DAI / ETH 0.05% fee
5079101.975881573,2021-09-14T00:00:00+00:00,4892516928.777288,DAI / ETH 0.05% fee
5038013.69809334,2021-09-15T00:00:00+00:00,4897554942.475382,DAI / ETH 0.05% fee
10362796.22668765,2021-09-16T00:00:00+00:00,4907917738.70207,DAI / ETH 0.05% fee
18178682.950513616,2021-09-17T00:00:00+00:00,4926096421.652583,DAI / ETH 0.05% fee
5250263.585141138,2021-09-18T00:00:00+00:00,4931346685.237724,DAI / ETH 0.05% fee
5048854.921375096,2021-09-19T00:00:00+00:00,4936395540.1591,DAI / ETH 0.05% fee
10596425.323100103,2021-09-20T00:00:00+00:00,4946991965.4822,DAI / ETH 0.05% fee
11998335.53766971,2021-09-21T00:00:00+00:00,4958990301.01987,DAI / ETH 0.05% fee
16249861.62985531,2021-09-22T00:00:00+00:00,4975240162.649725,DAI / ETH 0.05% fee
5260097.040349936,2021-09-23T00:00:00+00:00,4980500259.690075,DAI / ETH 0.05% fee
5974611.673235156,2021-09-24T00:00:00+00:00,4986474871.36331,DAI / ETH 0.05% fee
3710123.4711640337,2021-09-25T00:00:00+00:00,4990184994.834474,DAI / ETH 0.05% fee
5609445.06483364,2021-09-26T00:00:00+00:00,4995794439.899307,DAI / ETH 0.05% fee
4277716.314228418,2021-09-27T00:00:00+00:00,5000072156.213536,DAI / ETH 0.05% fee
5255103.579658141,2021-09-28T00:00:00+00:00,5005327259.793194,DAI / ETH 0.05% fee
4453293.805552788,2021-09-29T00:00:00+00:00,5009780553.598747,DAI / ETH 0.05% fee
3134197.6413183715,2021-09-30T00:00:00+00:00,5012914751.240066,DAI / ETH 0.05% fee
9141277.148711419,2021-10-01T00:00:00+00:00,5022056028.388777,DAI / ETH 0.05% fee
8849681.162189398,2021-10-02T00:00:00+00:00,5030905709.550966,DAI / ETH 0.05% fee
6415967.762950391,2021-10-03T00:00:00+00:00,5037321677.313916,DAI / ETH 0.05% fee
4810888.239639631,2021-10-04T00:00:00+00:00,5042132565.553556,DAI / ETH 0.05% fee
4481476.943076465,2021-10-05T00:00:00+00:00,5046614042.496633,DAI / ETH 0.05% fee
3304110.884764656,2021-10-06T00:00:00+00:00,5049918153.381397,DAI / ETH 0.05% fee
2933630.6668831473,2021-10-07T00:00:00+00:00,5052851784.048281,DAI / ETH 0.05% fee
2078694.53225821,2021-10-08T00:00:00+00:00,5054930478.580539,DAI / ETH 0.05% fee
2302859.6423046603,2021-10-09T00:00:00+00:00,5057233338.222843,DAI / ETH 0.05% fee
6135092.07211992,2021-10-10T00:00:00+00:00,5063368430.294963,DAI / ETH 0.05% fee
7716060.247907266,2021-10-11T00:00:00+00:00,5071084490.5428705,DAI / ETH 0.05% fee
12232867.413545623,2021-10-12T00:00:00+00:00,5083317357.956416,DAI / ETH 0.05% fee
14260171.670899741,2021-10-13T00:00:00+00:00,5097577529.6273155,DAI / ETH 0.05% fee
2510551.0020277565,2021-10-14T00:00:00+00:00,5100088080.629344,DAI / ETH 0.05% fee
3557200.1359834783,2021-10-15T00:00:00+00:00,5103645280.765327,DAI / ETH 0.05% fee
62611154.58312946,2021-10-16T00:00:00+00:00,5166256435.348456,DAI / ETH 0.05% fee
48159652.12850528,2021-10-17T00:00:00+00:00,5214416087.476962,DAI / ETH 0.05% fee
41571009.095267594,2021-10-18T00:00:00+00:00,5255987096.572229,DAI / ETH 0.05% fee
58850386.417020835,2021-10-19T00:00:00+00:00,5314837482.98925,DAI / ETH 0.05% fee
106165542.79469007,2021-10-20T00:00:00+00:00,5421003025.78394,DAI / ETH 0.05% fee
149758376.63570842,2021-10-21T00:00:00+00:00,5570761402.419649,DAI / ETH 0.05% fee
153263635.63800028,2021-10-22T00:00:00+00:00,5724025038.057649,DAI / ETH 0.05% fee
120759694.84225063,2021-10-23T00:00:00+00:00,5844784732.8998995,DAI / ETH 0.05% fee
87058975.51208535,2021-10-24T00:00:00+00:00,5931843708.411985,DAI / ETH 0.05% fee
73598664.62054637,2021-10-25T00:00:00+00:00,6005442373.032532,DAI / ETH 0.05% fee
112560299.44073103,2021-10-26T00:00:00+00:00,6118002672.473263,DAI / ETH 0.05% fee
141792659.63222533,2021-10-27T00:00:00+00:00,6259795332.105488,DAI / ETH 0.05% fee
245803626.88190562,2021-10-28T00:00:00+00:00,6505598958.987393,DAI / ETH 0.05% fee
201354945.44339576,2021-10-29T00:00:00+00:00,6706953904.430789,DAI / ETH 0.05% fee
121867821.84995167,2021-10-30T00:00:00+00:00,6828821726.280741,DAI / ETH 0.05% fee
154769811.03492907,2021-10-31T00:00:00+00:00,6983591537.31567,DAI / ETH 0.05% fee
153183941.9103628,2021-11-01T00:00:00+00:00,7136775479.226032,DAI / ETH 0.05% fee
169230291.71709606,2021-11-02T00:00:00+00:00,7306005770.943129,DAI / ETH 0.05% fee
213151489.79005274,2021-11-03T00:00:00+00:00,7519157260.733181,DAI / ETH 0.05% fee
177145619.2437315,2021-11-04T00:00:00+00:00,7696302879.9769125,DAI / ETH 0.05% fee
134855569.09418264,2021-11-05T00:00:00+00:00,7831158449.071095,DAI / ETH 0.05% fee
137105197.51389557,2021-11-06T00:00:00+00:00,7968263646.584991,DAI / ETH 0.05% fee
119329875.4556286,2021-11-07T00:00:00+00:00,8087593522.04062,DAI / ETH 0.05% fee
126073530.3158233,2021-11-08T00:00:00+00:00,8213667052.356443,DAI / ETH 0.05% fee
96811628.84618583,2021-11-09T00:00:00+00:00,8310478681.202629,DAI / ETH 0.05% fee
275117893.3353617,2021-11-10T00:00:00+00:00,8585596574.537991,DAI / ETH 0.05% fee
161215589.11201188,2021-11-11T00:00:00+00:00,8746812163.650003,DAI / ETH 0.05% fee
197890980.77322504,2021-11-12T00:00:00+00:00,8944703144.423227,DAI / ETH 0.05% fee
93590847.83103542,2021-11-13T00:00:00+00:00,9038293992.254263,DAI / ETH 0.05% fee
110548578.44681917,2021-11-14T00:00:00+00:00,9148842570.701082,DAI / ETH 0.05% fee
121254609.75126004,2021-11-15T00:00:00+00:00,9270097180.452343,DAI / ETH 0.05% fee
447511146.08827883,2021-11-16T00:00:00+00:00,9717608326.54062,DAI / ETH 0.05% fee
326747725.90558076,2021-11-17T00:00:00+00:00,10044356052.446201,DAI / ETH 0.05% fee
293889489.8348365,2021-11-18T00:00:00+00:00,10338245542.281038,DAI / ETH 0.05% fee
179898250.6571257,2021-11-19T00:00:00+00:00,10518143792.938164,DAI / ETH 0.05% fee
135377197.24566266,2021-11-20T00:00:00+00:00,10653520990.183826,DAI / ETH 0.05% fee
161079091.40323398,2021-11-21T00:00:00+00:00,10814600081.58706,DAI / ETH 0.05% fee
286776764.51712054,2021-11-22T00:00:00+00:00,11101376846.104181,DAI / ETH 0.05% fee
229963908.5916468,2021-11-23T00:00:00+00:00,11331340754.695827,DAI / ETH 0.05% fee
238137041.59068593,2021-11-24T00:00:00+00:00,11569477796.286514,DAI / ETH 0.05% fee
129670617.70117435,2021-11-25T00:00:00+00:00,11699148413.987688,DAI / ETH 0.05% fee
249462166.73798674,2021-11-26T00:00:00+00:00,11948610580.725676,DAI / ETH 0.05% fee
20076087.952045955,2021-11-27T00:00:00+00:00,11968686668.677721,DAI / ETH 0.05% fee
22588147.80587891,2021-11-28T00:00:00+00:00,11991274816.4836,DAI / ETH 0.05% fee
88392050.77953732,2021-11-29T00:00:00+00:00,12079666867.263138,DAI / ETH 0.05% fee
197465238.68364215,2021-11-30T00:00:00+00:00,12277132105.94678,DAI / ETH 0.05% fee
184545035.68666908,2021-12-01T00:00:00+00:00,12461677141.633448,DAI / ETH 0.05% fee
136525607.83715072,2021-12-02T00:00:00+00:00,12598202749.470598,DAI / ETH 0.05% fee
212387997.2407012,2021-12-03T00:00:00+00:00,12810590746.7113,DAI / ETH 0.05% fee
377796384.9711089,2021-12-04T00:00:00+00:00,13188387131.68241,DAI / ETH 0.05% fee
211719269.42273635,2021-12-05T00:00:00+00:00,13400106401.105146,DAI / ETH 0.05% fee
272741248.4196813,2021-12-06T00:00:00+00:00,13672847649.524826,DAI / ETH 0.05% fee
127447620.47252539,2021-12-07T00:00:00+00:00,13800295269.997353,DAI / ETH 0.05% fee
143818038.51448983,2021-12-08T00:00:00+00:00,13944113308.511843,DAI / ETH 0.05% fee
198908632.43621123,2021-12-09T00:00:00+00:00,14143021940.948053,DAI / ETH 0.05% fee
296224063.2577515,2021-12-10T00:00:00+00:00,14439246004.205805,DAI / ETH 0.05% fee
190896003.82973468,2021-12-11T00:00:00+00:00,14630142008.03554,DAI / ETH 0.05% fee
97317165.4344859,2021-12-12T00:00:00+00:00,14727459173.470026,DAI / ETH 0.05% fee
160472514.46381825,2021-12-13T00:00:00+00:00,14887931687.933844,DAI / ETH 0.05% fee
82364595.38910896,2021-12-14T00:00:00+00:00,14970296283.322952,DAI / ETH 0.05% fee
160012191.39847937,2021-12-15T00:00:00+00:00,15130308474.721432,DAI / ETH 0.05% fee
127843589.08997485,2021-12-16T00:00:00+00:00,15258152063.811407,DAI / ETH 0.05% fee
185538800.51249734,2021-12-17T00:00:00+00:00,15443690864.323904,DAI / ETH 0.05% fee
140821272.24607837,2021-12-18T00:00:00+00:00,15584512136.569983,DAI / ETH 0.05% fee
105551017.4713034,2021-12-19T00:00:00+00:00,15690063154.041286,DAI / ETH 0.05% fee
139258508.64164236,2021-12-20T00:00:00+00:00,15829321662.682928,DAI / ETH 0.05% fee
84021074.92308939,2021-12-21T00:00:00+00:00,15913342737.606018,DAI / ETH 0.05% fee
53247297.429724656,2021-12-22T00:00:00+00:00,15966590035.035742,DAI / ETH 0.05% fee
89246982.7241684,2021-12-23T00:00:00+00:00,16055837017.75991,DAI / ETH 0.05% fee
57831714.95211384,2021-12-24T00:00:00+00:00,16113668732.712025,DAI / ETH 0.05% fee
42644351.97313473,2021-12-25T00:00:00+00:00,16156313084.68516,DAI / ETH 0.05% fee
45001094.408071846,2021-12-26T00:00:00+00:00,16201314179.093231,DAI / ETH 0.05% fee
40277680.06695675,2021-12-27T00:00:00+00:00,16241591859.160189,DAI / ETH 0.05% fee
140521232.01895508,2021-12-28T00:00:00+00:00,16382113091.179144,DAI / ETH 0.05% fee
20607313.363441512,2021-12-29T00:00:00+00:00,16402720404.542585,DAI / ETH 0.05% fee
15763043.421721036,2021-12-30T00:00:00+00:00,16418483447.964306,DAI / ETH 0.05% fee
15916452.181567663,2021-12-31T00:00:00+00:00,16434399900.145874,DAI / ETH 0.05% fee
18942677.471445233,2022-01-01T00:00:00+00:00,16453342577.61732,DAI / ETH 0.05% fee
25871069.285760425,2022-01-02T00:00:00+00:00,16479213646.903078,DAI / ETH 0.05% fee
32865590.897670098,2022-01-03T00:00:00+00:00,16512079237.800749,DAI / ETH 0.05% fee
65083049.53373164,2022-01-04T00:00:00+00:00,16577162287.33448,DAI / ETH 0.05% fee
37325501.58959623,2022-01-05T00:00:00+00:00,16614487788.924076,DAI / ETH 0.05% fee
11558604.425054122,2022-01-06T00:00:00+00:00,16626046393.34913,DAI / ETH 0.05% fee
20292208.220643688,2022-01-07T00:00:00+00:00,16646338601.569775,DAI / ETH 0.05% fee
29776262.294501726,2022-01-08T00:00:00+00:00,16676114863.864277,DAI / ETH 0.05% fee
27922169.649144135,2022-01-09T00:00:00+00:00,16704037033.51342,DAI / ETH 0.05% fee
39737463.86906261,2022-01-10T00:00:00+00:00,16743774497.382483,DAI / ETH 0.05% fee
35351612.93176857,2022-01-11T00:00:00+00:00,16779126110.31425,DAI / ETH 0.05% fee
30346656.093277395,2022-01-12T00:00:00+00:00,16809472766.40753,DAI / ETH 0.05% fee
84167017.60587882,2022-01-13T00:00:00+00:00,16893639784.013409,DAI / ETH 0.05% fee
50631333.96454426,2022-01-14T00:00:00+00:00,16944271117.977953,DAI / ETH 0.05% fee
37406671.3342644,2022-01-15T00:00:00+00:00,16981677789.312216,DAI / ETH 0.05% fee
66245855.754136674,2022-01-16T00:00:00+00:00,17047923645.066353,DAI / ETH 0.05% fee
84351640.07456574,2022-01-17T00:00:00+00:00,17132275285.140919,DAI / ETH 0.05% fee
86504562.4498782,2022-01-18T00:00:00+00:00,17218779847.590797,DAI / ETH 0.05% fee
75170563.43708807,2022-01-19T00:00:00+00:00,17293950411.027885,DAI / ETH 0.05% fee
65165756.59389022,2022-01-20T00:00:00+00:00,17359116167.621777,DAI / ETH 0.05% fee
23850643.71959724,2022-01-21T00:00:00+00:00,17382966811.341373,DAI / ETH 0.05% fee
21505932.7364718,2022-01-22T00:00:00+00:00,17404472744.077843,DAI / ETH 0.05% fee
29832123.024018016,2022-01-23T00:00:00+00:00,17434304867.101864,DAI / ETH 0.05% fee
8249131.645785457,2022-01-24T00:00:00+00:00,17442553998.747646,DAI / ETH 0.05% fee
5936593.7254257295,2022-01-25T00:00:00+00:00,17448490592.473072,DAI / ETH 0.05% fee
10096278.464167463,2022-01-26T00:00:00+00:00,17458586870.93724,DAI / ETH 0.05% fee
3919324.4714237433,2022-01-27T00:00:00+00:00,17462506195.408665,DAI / ETH 0.05% fee
4554211.261885095,2022-01-28T00:00:00+00:00,17467060406.67055,DAI / ETH 0.05% fee
4551687.74807682,2022-01-29T00:00:00+00:00,17471612094.41863,DAI / ETH 0.05% fee
5460728.0785687985,2022-01-30T00:00:00+00:00,17477072822.497196,DAI / ETH 0.05% fee
5270033.862617086,2022-01-31T00:00:00+00:00,17482342856.359814,DAI / ETH 0.05% fee
4652477.677457891,2022-02-01T00:00:00+00:00,17486995334.03727,DAI / ETH 0.05% fee
18975894.326029625,2022-02-02T00:00:00+00:00,17505971228.3633,DAI / ETH 0.05% fee
19256995.77840526,2022-02-03T00:00:00+00:00,17525228224.141705,DAI / ETH 0.05% fee
33960872.40524723,2022-02-04T00:00:00+00:00,17559189096.54695,DAI / ETH 0.05% fee
28510872.21381805,2022-02-05T00:00:00+00:00,17587699968.76077,DAI / ETH 0.05% fee
22332358.69099343,2022-02-06T00:00:00+00:00,17610032327.451763,DAI / ETH 0.05% fee
55864985.53442874,2022-02-07T00:00:00+00:00,17665897312.986195,DAI / ETH 0.05% fee
56994306.83933794,2022-02-08T00:00:00+00:00,17722891619.82553,DAI / ETH 0.05% fee
39678625.09034011,2022-02-09T00:00:00+00:00,17762570244.91587,DAI / ETH 0.05% fee
63183894.33121627,2022-02-10T00:00:00+00:00,17825754139.247086,DAI / ETH 0.05% fee
66990910.55708307,2022-02-11T00:00:00+00:00,17892745049.80417,DAI / ETH 0.05% fee
28911568.697257906,2022-02-12T00:00:00+00:00,17921656618.501427,DAI / ETH 0.05% fee
13884232.917883288,2022-02-13T00:00:00+00:00,17935540851.41931,DAI / ETH 0.05% fee
21578798.14731443,2022-02-14T00:00:00+00:00,17957119649.566628,DAI / ETH 0.05% fee
44389917.57161267,2022-02-15T00:00:00+00:00,18001509567.138237,DAI / ETH 0.05% fee
57819044.66358042,2022-02-16T00:00:00+00:00,18059328611.80182,DAI / ETH 0.05% fee
41578527.24110217,2022-02-17T00:00:00+00:00,18100907139.042923,DAI / ETH 0.05% fee
21743666.560583815,2022-02-18T00:00:00+00:00,18122650805.603504,DAI / ETH 0.05% fee
13785761.270450953,2022-02-19T00:00:00+00:00,18136436566.873955,DAI / ETH 0.05% fee
25950593.055920243,2022-02-20T00:00:00+00:00,18162387159.929874,DAI / ETH 0.05% fee
42600023.16413522,2022-02-21T00:00:00+00:00,18204987183.094013,DAI / ETH 0.05% fee
34783560.3544446,2022-02-22T00:00:00+00:00,18239770743.448456,DAI / ETH 0.05% fee
30190287.534504317,2022-02-23T00:00:00+00:00,18269961030.98296,DAI / ETH 0.05% fee
30850740.20725609,2022-02-24T00:00:00+00:00,18300811771.190216,DAI / ETH 0.05% fee
15988013.852041043,2022-02-25T00:00:00+00:00,18316799785.04226,DAI / ETH 0.05% fee
9329155.007976148,2022-02-26T00:00:00+00:00,18326128940.050232,DAI / ETH 0.05% fee
13191460.780924033,2022-02-27T00:00:00+00:00,18339320400.831158,DAI / ETH 0.05% fee
12875308.499323402,2022-02-28T00:00:00+00:00,18352195709.330482,DAI / ETH 0.05% fee
12153497.49126891,2022-03-01T00:00:00+00:00,18364349206.82175,DAI / ETH 0.05% fee
19081025.29171935,2022-03-02T00:00:00+00:00,18383430232.11347,DAI / ETH 0.05% fee
8540071.683108509,2022-03-03T00:00:00+00:00,18391970303.796577,DAI / ETH 0.05% fee
16660395.380018892,2022-03-04T00:00:00+00:00,18408630699.176598,DAI / ETH 0.05% fee
19827621.387778696,2022-03-05T00:00:00+00:00,18428458320.564377,DAI / ETH 0.05% fee
20598623.268680323,2022-03-06T00:00:00+00:00,18449056943.833057,DAI / ETH 0.05% fee
37343531.6416188,2022-03-07T00:00:00+00:00,18486400475.474674,DAI / ETH 0.05% fee
36372620.974024266,2022-03-08T00:00:00+00:00,18522773096.4487,DAI / ETH 0.05% fee
19414495.244009286,2022-03-09T00:00:00+00:00,18542187591.692707,DAI / ETH 0.05% fee
28048066.59794907,2022-03-10T00:00:00+00:00,18570235658.290657,DAI / ETH 0.05% fee
28594193.643409695,2022-03-11T00:00:00+00:00,18598829851.934067,DAI / ETH 0.05% fee
6214093.773231504,2022-03-12T00:00:00+00:00,18605043945.7073,DAI / ETH 0.05% fee
22416007.76514791,2022-03-13T00:00:00+00:00,18627459953.472446,DAI / ETH 0.05% fee
17867135.55964549,2022-03-14T00:00:00+00:00,18645327089.032093,DAI / ETH 0.05% fee
20342294.013450783,2022-03-15T00:00:00+00:00,18665669383.045544,DAI / ETH 0.05% fee
36612131.99730254,2022-03-16T00:00:00+00:00,18702281515.042847,DAI / ETH 0.05% fee
26077320.376350924,2022-03-17T00:00:00+00:00,18728358835.419197,DAI / ETH 0.05% fee
33799135.30550557,2022-03-18T00:00:00+00:00,18762157970.7247,DAI / ETH 0.05% fee
11237910.267718133,2022-03-19T00:00:00+00:00,18773395880.99242,DAI / ETH 0.05% fee
18334678.81041966,2022-03-20T00:00:00+00:00,18791730559.80284,DAI / ETH 0.05% fee
18061584.322526526,2022-03-21T00:00:00+00:00,18809792144.125366,DAI / ETH 0.05% fee
34275155.29299896,2022-03-22T00:00:00+00:00,18844067299.418365,DAI / ETH 0.05% fee
16556329.650455436,2022-03-23T00:00:00+00:00,18860623629.06882,DAI / ETH 0.05% fee
31402563.36027101,2022-03-24T00:00:00+00:00,18892026192.429092,DAI / ETH 0.05% fee
66149586.3554088,2022-03-25T00:00:00+00:00,18958175778.7845,DAI / ETH 0.05% fee
12640374.6900937,2022-03-26T00:00:00+00:00,18970816153.474594,DAI / ETH 0.05% fee
32282195.44414554,2022-03-27T00:00:00+00:00,19003098348.91874,DAI / ETH 0.05% fee
59451294.881802924,2022-03-28T00:00:00+00:00,19062549643.80054,DAI / ETH 0.05% fee
39955015.396305636,2022-03-29T00:00:00+00:00,19102504659.196846,DAI / ETH 0.05% fee
29653003.56288767,2022-03-30T00:00:00+00:00,19132157662.759735,DAI / ETH 0.05% fee
42417257.87806536,2022-03-31T00:00:00+00:00,19174574920.637802,DAI / ETH 0.05% fee
42505173.1533645,2022-04-01T00:00:00+00:00,19217080093.791164,DAI / ETH 0.05% fee
39672951.58020238,2022-04-02T00:00:00+00:00,19256753045.37137,DAI / ETH 0.05% fee
32123447.673963968,2022-04-03T00:00:00+00:00,19288876493.04533,DAI / ETH 0.05% fee
31142603.193248298,2022-04-04T00:00:00+00:00,19320019096.23858,DAI / ETH 0.05% fee
29309377.62710464,2022-04-05T00:00:00+00:00,19349328473.865685,DAI / ETH 0.05% fee
78156906.96385367,2022-04-06T00:00:00+00:00,19427485380.82954,DAI / ETH 0.05% fee
42722396.136779316,2022-04-07T00:00:00+00:00,19470207776.966316,DAI / ETH 0.05% fee
45327276.39835734,2022-04-08T00:00:00+00:00,19515535053.364674,DAI / ETH 0.05% fee
22352351.9268125,2022-04-09T00:00:00+00:00,19537887405.29149,DAI / ETH 0.05% fee
24610380.58764463,2022-04-10T00:00:00+00:00,19562497785.87913,DAI / ETH 0.05% fee
62399160.98946433,2022-04-11T00:00:00+00:00,19624896946.868595,DAI / ETH 0.05% fee
29344118.23844382,2022-04-12T00:00:00+00:00,19654241065.10704,DAI / ETH 0.05% fee
36703801.990264,2022-04-13T00:00:00+00:00,19690944867.097305,DAI / ETH 0.05% fee
31589296.803325,2022-04-14T00:00:00+00:00,19722534163.90063,DAI / ETH 0.05% fee
21391432.474142093,2022-04-15T00:00:00+00:00,19743925596.37477,DAI / ETH 0.05% fee
10657412.893277477,2022-04-16T00:00:00+00:00,19754583009.268047,DAI / ETH 0.05% fee
18041329.118816562,2022-04-17T00:00:00+00:00,19772624338.386864,DAI / ETH 0.05% fee
15344126.347596707,2022-04-18T00:00:00+00:00,19787968464.734463,DAI / ETH 0.05% fee
32415007.116806645,2022-04-19T00:00:00+00:00,19820383471.85127,DAI / ETH 0.05% fee
35717598.28508959,2022-04-20T00:00:00+00:00,19856101070.13636,DAI / ETH 0.05% fee
30391738.185808044,2022-04-21T00:00:00+00:00,19886492808.322166,DAI / ETH 0.05% fee
13531092.04104114,2022-04-22T00:00:00+00:00,19900023900.36321,DAI / ETH 0.05% fee
8875165.688415624,2022-04-23T00:00:00+00:00,19908899066.051624,DAI / ETH 0.05% fee
5169399.64873604,2022-04-24T00:00:00+00:00,19914068465.70036,DAI / ETH 0.05% fee
22903899.576734122,2022-04-25T00:00:00+00:00,19936972365.277092,DAI / ETH 0.05% fee
13440948.52696402,2022-04-26T00:00:00+00:00,19950413313.804058,DAI / ETH 0.05% fee
14949226.033771498,2022-04-27T00:00:00+00:00,19965362539.83783,DAI / ETH 0.05% fee
12110349.554214634,2022-04-28T00:00:00+00:00,19977472889.392044,DAI / ETH 0.05% fee
15238676.100569602,2022-04-29T00:00:00+00:00,19992711565.492615,DAI / ETH 0.05% fee
15422294.229777297,2022-04-30T00:00:00+00:00,20008133859.72239,DAI / ETH 0.05% fee
8169764.61810019,2022-05-01T00:00:00+00:00,20016303624.340492,DAI / ETH 0.05% fee
9705631.931748709,2022-05-02T00:00:00+00:00,20026009256.27224,DAI / ETH 0.05% fee
7447267.80200551,2022-05-03T00:00:00+00:00,20033456524.074245,DAI / ETH 0.05% fee
12535100.169482319,2022-05-04T00:00:00+00:00,20045991624.24373,DAI / ETH 0.05% fee
10113706.07202021,2022-05-05T00:00:00+00:00,20056105330.315746,DAI / ETH 0.05% fee
25014771.17942008,2022-05-06T00:00:00+00:00,20081120101.495167,DAI / ETH 0.05% fee
14719280.43693335,2022-05-07T00:00:00+00:00,20095839381.932102,DAI / ETH 0.05% fee
65630969.722694606,2022-05-08T00:00:00+00:00,20161470351.654797,DAI / ETH 0.05% fee
42323300.51625657,2022-05-09T00:00:00+00:00,20203793652.17105,DAI / ETH 0.05% fee
29423366.207398772,2022-05-10T00:00:00+00:00,20233217018.378452,DAI / ETH 0.05% fee
28797638.125539333,2022-05-11T00:00:00+00:00,20262014656.50399,DAI / ETH 0.05% fee
15120253.447273718,2022-05-12T00:00:00+00:00,20277134909.951263,DAI / ETH 0.05% fee
20182102.078609582,2022-05-13T00:00:00+00:00,20297317012.029873,DAI / ETH 0.05% fee
13461969.939480526,2022-05-14T00:00:00+00:00,20310778981.969353,DAI / ETH 0.05% fee
10538121.012722896,2022-05-15T00:00:00+00:00,20321317102.98208,DAI / ETH 0.05% fee
17347804.745326154,2022-05-16T00:00:00+00:00,20338664907.7274,DAI / ETH 0.05% fee
8647730.614711657,2022-05-17T00:00:00+00:00,20347312638.342113,DAI / ETH 0.05% fee
10596362.079812435,2022-05-18T00:00:00+00:00,20357909000.42193,DAI / ETH 0.05% fee
10049922.231540125,2022-05-19T00:00:00+00:00,20367958922.653465,DAI / ETH 0.05% fee
11032605.824652849,2022-05-20T00:00:00+00:00,20378991528.47812,DAI / ETH 0.05% fee
2488755.0403424166,2022-05-21T00:00:00+00:00,20381480283.518463,DAI / ETH 0.05% fee
6381523.417488401,2022-05-22T00:00:00+00:00,20387861806.93595,DAI / ETH 0.05% fee
5738675.333318362,2022-05-23T00:00:00+00:00,20393600482.269268,DAI / ETH 0.05% fee
5160680.936793234,2022-05-24T00:00:00+00:00,20398761163.206062,DAI / ETH 0.05% fee
9087312.848975295,2022-05-25T00:00:00+00:00,20407848476.05504,DAI / ETH 0.05% fee
11547793.023938477,2022-05-26T00:00:00+00:00,20419396269.078976,DAI / ETH 0.05% fee
6069603.782506379,2022-05-27T00:00:00+00:00,20425465872.86148,DAI / ETH 0.05% fee
1308936.5417856926,2022-05-28T00:00:00+00:00,20426774809.403267,DAI / ETH 0.05% fee
1972591.765257488,2022-05-29T00:00:00+00:00,20428747401.168526,DAI / ETH 0.05% fee
9298266.445204664,2022-05-30T00:00:00+00:00,20438045667.61373,DAI / ETH 0.05% fee
3946851.661924543,2022-05-31T00:00:00+00:00,20441992519.275654,DAI / ETH 0.05% fee
6612069.867620851,2022-06-01T00:00:00+00:00,20448604589.143276,DAI / ETH 0.05% fee
4311155.92632181,2022-06-02T00:00:00+00:00,20452915745.0696,DAI / ETH 0.05% fee
7220646.121989552,2022-06-03T00:00:00+00:00,20460136391.191586,DAI / ETH 0.05% fee
4811144.110330888,2022-06-04T00:00:00+00:00,20464947535.301918,DAI / ETH 0.05% fee
6093432.367976506,2022-06-05T00:00:00+00:00,20471040967.669895,DAI / ETH 0.05% fee
20891480.818500806,2022-06-06T00:00:00+00:00,20491932448.488396,DAI / ETH 0.05% fee
32025185.201891158,2022-06-07T00:00:00+00:00,20523957633.690285,DAI / ETH 0.05% fee
20676987.673055757,2022-06-08T00:00:00+00:00,20544634621.363342,DAI / ETH 0.05% fee
15196535.007453509,2022-06-09T00:00:00+00:00,20559831156.370796,DAI / ETH 0.05% fee
33889092.13581044,2022-06-10T00:00:00+00:00,20593720248.506607,DAI / ETH 0.05% fee
47885036.896629184,2022-06-11T00:00:00+00:00,20641605285.403236,DAI / ETH 0.05% fee
6779979.469106701,2022-06-12T00:00:00+00:00,20648385264.87234,DAI / ETH 0.05% fee
16989622.47458862,2022-06-13T00:00:00+00:00,20665374887.34693,DAI / ETH 0.05% fee
6633060.461426602,2022-06-14T00:00:00+00:00,20672007947.808357,DAI / ETH 0.05% fee
9670117.069959901,2022-06-15T00:00:00+00:00,20681678064.87832,DAI / ETH 0.05% fee
8536546.15073247,2022-06-16T00:00:00+00:00,20690214611.02905,DAI / ETH 0.05% fee
28584654.753673263,2022-06-17T00:00:00+00:00,20718799265.782722,DAI / ETH 0.05% fee
13998863.851915967,2022-06-18T00:00:00+00:00,20732798129.63464,DAI / ETH 0.05% fee
24987867.54725431,2022-06-19T00:00:00+00:00,20757785997.181892,DAI / ETH 0.05% fee
21419422.98006282,2022-06-20T00:00:00+00:00,20779205420.161957,DAI / ETH 0.05% fee
25275767.18685093,2022-06-21T00:00:00+00:00,20804481187.34881,DAI / ETH 0.05% fee
15629741.632838804,2022-06-22T00:00:00+00:00,20820110928.981647,DAI / ETH 0.05% fee
12447031.325875696,2022-06-23T00:00:00+00:00,20832557960.30752,DAI / ETH 0.05% fee
32548998.189765565,2022-06-24T00:00:00+00:00,20865106958.497288,DAI / ETH 0.05% fee
12437157.375039794,2022-06-25T00:00:00+00:00,20877544115.872326,DAI / ETH 0.05% fee
15049695.108444026,2022-06-26T00:00:00+00:00,20892593810.98077,DAI / ETH 0.05% fee
12975325.95497357,2022-06-27T00:00:00+00:00,20905569136.935745,DAI / ETH 0.05% fee
20231946.903481282,2022-06-28T00:00:00+00:00,20925801083.839226,DAI / ETH 0.05% fee
14972794.814129414,2022-06-29T00:00:00+00:00,20940773878.653355,DAI / ETH 0.05% fee
21184609.836603094,2022-06-30T00:00:00+00:00,20961958488.48996,DAI / ETH 0.05% fee
17127943.218148697,2022-07-01T00:00:00+00:00,20979086431.708107,DAI / ETH 0.05% fee
5809353.341472956,2022-07-02T00:00:00+00:00,20984895785.04958,DAI / ETH 0.05% fee
9023007.595580837,2022-07-03T00:00:00+00:00,20993918792.64516,DAI / ETH 0.05% fee
19582482.694427304,2022-07-04T00:00:00+00:00,21013501275.33959,DAI / ETH 0.05% fee
16519532.423066266,2022-07-05T00:00:00+00:00,21030020807.762653,DAI / ETH 0.05% fee
10777330.918765536,2022-07-06T00:00:00+00:00,21040798138.68142,DAI / ETH 0.05% fee
11938397.879979156,2022-07-07T00:00:00+00:00,21052736536.561398,DAI / ETH 0.05% fee
11099921.151309747,2022-07-08T00:00:00+00:00,21063836457.712708,DAI / ETH 0.05% fee
3780567.12827215,2022-07-09T00:00:00+00:00,21067617024.84098,DAI / ETH 0.05% fee
10330982.771058016,2022-07-10T00:00:00+00:00,21077948007.612038,DAI / ETH 0.05% fee
6143737.440822885,2022-07-11T00:00:00+00:00,21084091745.05286,DAI / ETH 0.05% fee
13689566.972204935,2022-07-12T00:00:00+00:00,21097781312.025066,DAI / ETH 0.05% fee
18537707.61835565,2022-07-13T00:00:00+00:00,21116319019.64342,DAI / ETH 0.05% fee
10293321.071672244,2022-07-14T00:00:00+00:00,21126612340.715096,DAI / ETH 0.05% fee
24832324.090555694,2022-07-15T00:00:00+00:00,21151444664.80565,DAI / ETH 0.05% fee
16632606.300499037,2022-07-16T00:00:00+00:00,21168077271.106148,DAI / ETH 0.05% fee
17866431.425602097,2022-07-17T00:00:00+00:00,21185943702.53175,DAI / ETH 0.05% fee
18527080.497818243,2022-07-18T00:00:00+00:00,21204470783.02957,DAI / ETH 0.05% fee
2785407.1370798303,2022-07-19T00:00:00+00:00,21207256190.16665,DAI / ETH 0.05% fee
15645694.359148238,2022-07-20T00:00:00+00:00,21222901884.5258,DAI / ETH 0.05% fee
8300760.94456116,2022-07-21T00:00:00+00:00,21231202645.47036,DAI / ETH 0.05% fee
1997730.2529243843,2022-07-22T00:00:00+00:00,21233200375.72328,DAI / ETH 0.05% fee
2052730.1204091844,2022-07-23T00:00:00+00:00,21235253105.843693,DAI / ETH 0.05% fee
3361055.0701114293,2022-07-24T00:00:00+00:00,21238614160.913803,DAI / ETH 0.05% fee
5529508.08323712,2022-07-25T00:00:00+00:00,21244143668.99704,DAI / ETH 0.05% fee
15839903.505822552,2022-07-26T00:00:00+00:00,21259983572.502865,DAI / ETH 0.05% fee
7469443.6448746035,2022-07-27T00:00:00+00:00,21267453016.14774,DAI / ETH 0.05% fee
3085942.875724463,2022-07-28T00:00:00+00:00,21270538959.023464,DAI / ETH 0.05% fee
3484857.7967189215,2022-07-29T00:00:00+00:00,21274023816.820183,DAI / ETH 0.05% fee
2902862.481415042,2022-07-30T00:00:00+00:00,21276926679.301598,DAI / ETH 0.05% fee
1389015.3340515406,2022-07-31T00:00:00+00:00,21278315694.635647,DAI / ETH 0.05% fee
2159651.2190700453,2022-08-01T00:00:00+00:00,21280475345.854717,DAI / ETH 0.05% fee
2931559.4673458603,2022-08-02T00:00:00+00:00,21283406905.322063,DAI / ETH 0.05% fee
2292843.7051471025,2022-08-03T00:00:00+00:00,21285699749.02721,DAI / ETH 0.05% fee
3318719.815636527,2022-08-04T00:00:00+00:00,21289018468.842846,DAI / ETH 0.05% fee
5664782.525707341,2022-08-05T00:00:00+00:00,21294683251.368553,DAI / ETH 0.05% fee
1625276.070032123,2022-08-06T00:00:00+00:00,21296308527.438587,DAI / ETH 0.05% fee
775319.6502534773,2022-08-07T00:00:00+00:00,21297083847.08884,DAI / ETH 0.05% fee
2171114.7552459985,2022-08-08T00:00:00+00:00,21299254961.844086,DAI / ETH 0.05% fee
33198870.13207053,2022-08-09T00:00:00+00:00,21332453831.97616,DAI / ETH 0.05% fee
43678724.285689875,2022-08-10T00:00:00+00:00,21376132556.26185,DAI / ETH 0.05% fee
42755027.543715715,2022-08-11T00:00:00+00:00,21418887583.80556,DAI / ETH 0.05% fee
13512870.79247973,2022-08-12T00:00:00+00:00,21432400454.59804,DAI / ETH 0.05% fee
2326876.908570642,2022-08-13T00:00:00+00:00,21434727331.506615,DAI / ETH 0.05% fee
1336449.6403944346,2022-08-14T00:00:00+00:00,21436063781.147007,DAI / ETH 0.05% fee
8008068.3812176995,2022-08-15T00:00:00+00:00,21444071849.528225,DAI / ETH 0.05% fee
18705188.094750773,2022-08-16T00:00:00+00:00,21462777037.622974,DAI / ETH 0.05% fee
32043983.7922199,2022-08-17T00:00:00+00:00,21494821021.415195,DAI / ETH 0.05% fee
18957482.981629986,2022-08-18T00:00:00+00:00,21513778504.396828,DAI / ETH 0.05% fee
58312504.70192552,2022-08-19T00:00:00+00:00,21572091009.09875,DAI / ETH 0.05% fee
42395442.662380375,2022-08-20T00:00:00+00:00,21614486451.76113,DAI / ETH 0.05% fee
41362918.31521489,2022-08-21T00:00:00+00:00,21655849370.076347,DAI / ETH 0.05% fee
49322172.75131855,2022-08-22T00:00:00+00:00,21705171542.827663,DAI / ETH 0.05% fee
52550833.234768935,2022-08-23T00:00:00+00:00,21757722376.062435,DAI / ETH 0.05% fee
30415787.645540282,2022-08-24T00:00:00+00:00,21788138163.707973,DAI / ETH 0.05% fee
25966928.264934793,2022-08-25T00:00:00+00:00,21814105091.972908,DAI / ETH 0.05% fee
71655093.24793668,2022-08-26T00:00:00+00:00,21885760185.220844,DAI / ETH 0.05% fee
11591859.705591133,2022-08-27T00:00:00+00:00,21897352044.926437,DAI / ETH 0.05% fee
3367789.594028921,2022-08-28T00:00:00+00:00,21900719834.520466,DAI / ETH 0.05% fee
31292012.61622741,2022-08-29T00:00:00+00:00,21932011847.136692,DAI / ETH 0.05% fee
40622016.28660111,2022-08-30T00:00:00+00:00,21972633863.423294,DAI / ETH 0.05% fee
61703777.047680415,2022-08-31T00:00:00+00:00,22034337640.470974,DAI / ETH 0.05% fee
36717516.82407162,2022-09-01T00:00:00+00:00,22071055157.295048,DAI / ETH 0.05% fee
49003910.96042562,2022-09-02T00:00:00+00:00,22120059068.25547,DAI / ETH 0.05% fee
13490129.904218612,2022-09-03T00:00:00+00:00,22133549198.15969,DAI / ETH 0.05% fee
11044168.781648232,2022-09-04T00:00:00+00:00,22144593366.941338,DAI / ETH 0.05% fee
23376260.52206189,2022-09-05T00:00:00+00:00,22167969627.4634,DAI / ETH 0.05% fee
56761484.73355954,2022-09-06T00:00:00+00:00,22224731112.19696,DAI / ETH 0.05% fee
39313390.72576413,2022-09-07T00:00:00+00:00,22264044502.922726,DAI / ETH 0.05% fee
32197973.118203428,2022-09-08T00:00:00+00:00,22296242476.040928,DAI / ETH 0.05% fee
55364580.0196701,2022-09-09T00:00:00+00:00,22351607056.060596,DAI / ETH 0.05% fee
24107165.55444637,2022-09-10T00:00:00+00:00,22375714221.615044,DAI / ETH 0.05% fee
28153217.596873205,2022-09-11T00:00:00+00:00,22403867439.211918,DAI / ETH 0.05% fee
31973136.79268173,2022-09-12T00:00:00+00:00,22435840576.0046,DAI / ETH 0.05% fee
85757818.65122059,2022-09-13T00:00:00+00:00,22521598394.65582,DAI / ETH 0.05% fee
54944471.145734064,2022-09-14T00:00:00+00:00,22576542865.801556,DAI / ETH 0.05% fee
70384810.36826351,2022-09-15T00:00:00+00:00,22646927676.16982,DAI / ETH 0.05% fee
12777095.842816599,2022-09-16T00:00:00+00:00,22659704772.012634,DAI / ETH 0.05% fee
10626291.3690697,2022-09-17T00:00:00+00:00,22670331063.381702,DAI / ETH 0.05% fee
23248663.71186616,2022-09-18T00:00:00+00:00,22693579727.09357,DAI / ETH 0.05% fee
30820144.679165307,2022-09-19T00:00:00+00:00,22724399871.772736,DAI / ETH 0.05% fee
29369034.55669647,2022-09-20T00:00:00+00:00,22753768906.329433,DAI / ETH 0.05% fee
38222248.37475927,2022-09-21T00:00:00+00:00,22791991154.70419,DAI / ETH 0.05% fee
19421339.64201363,2022-09-22T00:00:00+00:00,22811412494.346203,DAI / ETH 0.05% fee
20600898.399163693,2022-09-23T00:00:00+00:00,22832013392.74537,DAI / ETH 0.05% fee
8669070.17936343,2022-09-24T00:00:00+00:00,22840682462.924732,DAI / ETH 0.05% fee
8468578.714861266,2022-09-25T00:00:00+00:00,22849151041.63959,DAI / ETH 0.05% fee
15149493.72956865,2022-09-26T00:00:00+00:00,22864300535.369164,DAI / ETH 0.05% fee
15829619.10875085,2022-09-27T00:00:00+00:00,22880130154.477913,DAI / ETH 0.05% fee
18243292.335336283,2022-09-28T00:00:00+00:00,22898373446.813248,DAI / ETH 0.05% fee
25568580.003992006,2022-09-29T00:00:00+00:00,22923942026.81724,DAI / ETH 0.05% fee
16337079.299120598,2022-09-30T00:00:00+00:00,22940279106.11636,DAI / ETH 0.05% fee
4602892.54817343,2022-10-01T00:00:00+00:00,22944881998.664536,DAI / ETH 0.05% fee
8194125.959368449,2022-10-02T00:00:00+00:00,22953076124.623905,DAI / ETH 0.05% fee
6927998.508835994,2022-10-03T00:00:00+00:00,22960004123.13274,DAI / ETH 0.05% fee
14672031.32337775,2022-10-04T00:00:00+00:00,22974676154.456116,DAI / ETH 0.05% fee
6002826.978633721,2022-10-05T00:00:00+00:00,22980678981.43475,DAI / ETH 0.05% fee
13339504.967568222,2022-10-06T00:00:00+00:00,22994018486.40232,DAI / ETH 0.05% fee
5983273.858709178,2022-10-07T00:00:00+00:00,23000001760.26103,DAI / ETH 0.05% fee
6680532.454639434,2022-10-08T00:00:00+00:00,23006682292.715668,DAI / ETH 0.05% fee
2524347.258869396,2022-10-09T00:00:00+00:00,23009206639.974537,DAI / ETH 0.05% fee
8022126.548330836,2022-10-10T00:00:00+00:00,23017228766.52287,DAI / ETH 0.05% fee
5760929.055387391,2022-10-11T00:00:00+00:00,23022989695.578255,DAI / ETH 0.05% fee
2869119.554851836,2022-10-12T00:00:00+00:00,23025858815.133106,DAI / ETH 0.05% fee
16391188.566067755,2022-10-13T00:00:00+00:00,23042250003.699173,DAI / ETH 0.05% fee
9206659.043191869,2022-10-14T00:00:00+00:00,23051456662.742367,DAI / ETH 0.05% fee
3168168.5132789356,2022-10-15T00:00:00+00:00,23054624831.255646,DAI / ETH 0.05% fee
2792174.782569801,2022-10-16T00:00:00+00:00,23057417006.038216,DAI / ETH 0.05% fee
4604400.9146662,2022-10-17T00:00:00+00:00,23062021406.95288,DAI / ETH 0.05% fee
4802386.0579009205,2022-10-18T00:00:00+00:00,23066823793.010784,DAI / ETH 0.05% fee
3030976.19959981,2022-10-19T00:00:00+00:00,23069854769.21038,DAI / ETH 0.05% fee
7433936.899146092,2022-10-20T00:00:00+00:00,23077288706.109528,DAI / ETH 0.05% fee
4769430.3526646765,2022-10-21T00:00:00+00:00,23082058136.462193,DAI / ETH 0.05% fee
6833474.110486526,2022-10-22T00:00:00+00:00,23088891610.57268,DAI / ETH 0.05% fee
6556847.729013398,2022-10-23T00:00:00+00:00,23095448458.301693,DAI / ETH 0.05% fee
10838152.33714236,2022-10-24T00:00:00+00:00,23106286610.638836,DAI / ETH 0.05% fee
24489827.47554984,2022-10-25T00:00:00+00:00,23130776438.114384,DAI / ETH 0.05% fee
33694199.70304564,2022-10-26T00:00:00+00:00,23164470637.817432,DAI / ETH 0.05% fee
30240886.648265384,2022-10-27T00:00:00+00:00,23194711524.465694,DAI / ETH 0.05% fee
20808713.12453115,2022-10-28T00:00:00+00:00,23215520237.59023,DAI / ETH 0.05% fee
19582303.486823406,2022-10-29T00:00:00+00:00,23235102541.07705,DAI / ETH 0.05% fee
15314042.651254175,2022-10-30T00:00:00+00:00,23250416583.728306,DAI / ETH 0.05% fee
23698073.69472712,2022-10-31T00:00:00+00:00,23274114657.42303,DAI / ETH 0.05% fee
9950887.503436442,2022-11-01T00:00:00+00:00,23284065544.926468,DAI / ETH 0.05% fee
25306853.930377718,2022-11-02T00:00:00+00:00,23309372398.856846,DAI / ETH 0.05% fee
8771978.607859597,2022-11-03T00:00:00+00:00,23318144377.464706,DAI / ETH 0.05% fee
17627109.860015754,2022-11-04T00:00:00+00:00,23335771487.324722,DAI / ETH 0.05% fee
5297545.395535717,2022-11-05T00:00:00+00:00,23341069032.720257,DAI / ETH 0.05% fee
8057649.707251467,2022-11-06T00:00:00+00:00,23349126682.42751,DAI / ETH 0.05% fee
13703240.653722342,2022-11-07T00:00:00+00:00,23362829923.08123,DAI / ETH 0.05% fee
75621480.42012316,2022-11-08T00:00:00+00:00,23438451403.501354,DAI / ETH 0.05% fee
93786266.23873758,2022-11-09T00:00:00+00:00,23532237669.740093,DAI / ETH 0.05% fee
72544260.06162022,2022-11-10T00:00:00+00:00,23604781929.801712,DAI / ETH 0.05% fee
55256008.978339024,2022-11-11T00:00:00+00:00,23660037938.780052,DAI / ETH 0.05% fee
25584804.08720478,2022-11-12T00:00:00+00:00,23685622742.867256,DAI / ETH 0.05% fee
31447379.570320543,2022-11-13T00:00:00+00:00,23717070122.437576,DAI / ETH 0.05% fee
52904122.2705708,2022-11-14T00:00:00+00:00,23769974244.70815,DAI / ETH 0.05% fee
30361199.852000553,2022-11-15T00:00:00+00:00,23800335444.560146,DAI / ETH 0.05% fee
21198500.473030116,2022-11-16T00:00:00+00:00,23821533945.033176,DAI / ETH 0.05% fee
28385813.577047955,2022-11-17T00:00:00+00:00,23849919758.610226,DAI / ETH 0.05% fee
6171429.2005664315,2022-11-18T00:00:00+00:00,23856091187.81079,DAI / ETH 0.05% fee
18059122.839065444,2022-11-19T00:00:00+00:00,23874150310.649857,DAI / ETH 0.05% fee
16709361.32785716,2022-11-20T00:00:00+00:00,23890859671.977715,DAI / ETH 0.05% fee
31151427.447665777,2022-11-21T00:00:00+00:00,23922011099.42538,DAI / ETH 0.05% fee
27300031.239639048,2022-11-22T00:00:00+00:00,23949311130.66502,DAI / ETH 0.05% fee
18228343.740418576,2022-11-23T00:00:00+00:00,23967539474.405437,DAI / ETH 0.05% fee
14328195.989816025,2022-11-24T00:00:00+00:00,23981867670.395256,DAI / ETH 0.05% fee
7735121.390660325,2022-11-25T00:00:00+00:00,23989602791.785915,DAI / ETH 0.05% fee
5223136.481735682,2022-11-26T00:00:00+00:00,23994825928.26765,DAI / ETH 0.05% fee
3947094.9585979986,2022-11-27T00:00:00+00:00,23998773023.22625,DAI / ETH 0.05% fee
7150226.800288453,2022-11-28T00:00:00+00:00,24005923250.026535,DAI / ETH 0.05% fee
9066824.131615384,2022-11-29T00:00:00+00:00,24014990074.158154,DAI / ETH 0.05% fee
23766465.28122283,2022-11-30T00:00:00+00:00,24038756539.439377,DAI / ETH 0.05% fee
13099590.490125274,2022-12-01T00:00:00+00:00,24051856129.9295,DAI / ETH 0.05% fee
9824356.841585292,2022-12-02T00:00:00+00:00,24061680486.771084,DAI / ETH 0.05% fee
3849532.5888484423,2022-12-03T00:00:00+00:00,24065530019.359936,DAI / ETH 0.05% fee
8450274.446824964,2022-12-04T00:00:00+00:00,24073980293.80676,DAI / ETH 0.05% fee
5488682.703617749,2022-12-05T00:00:00+00:00,24079468976.510376,DAI / ETH 0.05% fee
6400350.952202124,2022-12-06T00:00:00+00:00,24085869327.462578,DAI / ETH 0.05% fee
6134580.040205402,2022-12-07T00:00:00+00:00,24092003907.502785,DAI / ETH 0.05% fee
6055072.579993677,2022-12-08T00:00:00+00:00,24098058980.08278,DAI / ETH 0.05% fee
4169922.5320846126,2022-12-09T00:00:00+00:00,24102228902.614864,DAI / ETH 0.05% fee
2635824.6669079927,2022-12-10T00:00:00+00:00,24104864727.28177,DAI / ETH 0.05% fee
2788347.301820254,2022-12-11T00:00:00+00:00,24107653074.58359,DAI / ETH 0.05% fee
3913601.497597727,2022-12-12T00:00:00+00:00,24111566676.08119,DAI / ETH 0.05% fee
14338581.238036456,2022-12-13T00:00:00+00:00,24125905257.319225,DAI / ETH 0.05% fee
18743684.87539114,2022-12-14T00:00:00+00:00,24144648942.194614,DAI / ETH 0.05% fee
5909403.056588666,2022-12-15T00:00:00+00:00,24150558345.251205,DAI / ETH 0.05% fee
18681404.767924834,2022-12-16T00:00:00+00:00,24169239750.01913,DAI / ETH 0.05% fee
7431772.163738266,2022-12-17T00:00:00+00:00,24176671522.18287,DAI / ETH 0.05% fee
2685747.4228445776,2022-12-18T00:00:00+00:00,24179357269.605713,DAI / ETH 0.05% fee
8447178.645923264,2022-12-19T00:00:00+00:00,24187804448.251637,DAI / ETH 0.05% fee
7340771.417463089,2022-12-20T00:00:00+00:00,24195145219.669098,DAI / ETH 0.05% fee
3276457.8789899363,2022-12-21T00:00:00+00:00,24198421677.548088,DAI / ETH 0.05% fee
4262215.869376613,2022-12-22T00:00:00+00:00,24202683893.417465,DAI / ETH 0.05% fee
2825003.9395303167,2022-12-23T00:00:00+00:00,24205508897.356995,DAI / ETH 0.05% fee
895344.9223581712,2022-12-24T00:00:00+00:00,24206404242.279354,DAI / ETH 0.05% fee
2833532.6693781577,2022-12-25T00:00:00+00:00,24209237774.94873,DAI / ETH 0.05% fee
1513270.8709484867,2022-12-26T00:00:00+00:00,24210751045.81968,DAI / ETH 0.05% fee
2669422.3620100357,2022-12-27T00:00:00+00:00,24213420468.18169,DAI / ETH 0.05% fee
3963360.2833319274,2022-12-28T00:00:00+00:00,24217383828.465023,DAI / ETH 0.05% fee
3474154.7470781635,2022-12-29T00:00:00+00:00,24220857983.2121,DAI / ETH 0.05% fee
8108087.980583717,2022-12-30T00:00:00+00:00,24228966071.192684,DAI / ETH 0.05% fee
5246445.578861241,2022-12-31T00:00:00+00:00,24234212516.771545,DAI / ETH 0.05% fee
2786987.762324543,2023-01-01T00:00:00+00:00,24236999504.53387,DAI / ETH 0.05% fee
1765215.1463894467,2023-01-02T00:00:00+00:00,24238764719.68026,DAI / ETH 0.05% fee
1573250.2288898113,2023-01-03T00:00:00+00:00,24240337969.90915,DAI / ETH 0.05% fee
4381719.684627893,2023-01-04T00:00:00+00:00,24244719689.593777,DAI / ETH 0.05% fee
5135658.976461109,2023-01-05T00:00:00+00:00,24249855348.57024,DAI / ETH 0.05% fee
5246102.114191951,2023-01-06T00:00:00+00:00,24255101450.68443,DAI / ETH 0.05% fee
1069678.803290464,2023-01-07T00:00:00+00:00,24256171129.48772,DAI / ETH 0.05% fee
2517563.1818268173,2023-01-08T00:00:00+00:00,24258688692.669548,DAI / ETH 0.05% fee
9693568.316892974,2023-01-09T00:00:00+00:00,24268382260.98644,DAI / ETH 0.05% fee
2619659.9361983337,2023-01-10T00:00:00+00:00,24271001920.922638,DAI / ETH 0.05% fee
4222847.313899482,2023-01-11T00:00:00+00:00,24275224768.236538,DAI / ETH 0.05% fee
25682832.14402126,2023-01-12T00:00:00+00:00,24300907600.380558,DAI / ETH 0.05% fee
10645431.190941261,2023-01-13T00:00:00+00:00,24311553031.571503,DAI / ETH 0.05% fee
4724745.195961747,2023-01-14T00:00:00+00:00,24316277776.767464,DAI / ETH 0.05% fee
14981172.62677094,2023-01-15T00:00:00+00:00,24331258949.394234,DAI / ETH 0.05% fee
5572282.5014542,2023-01-16T00:00:00+00:00,24336831231.895687,DAI / ETH 0.05% fee
7887898.843658021,2023-01-17T00:00:00+00:00,24344719130.739346,DAI / ETH 0.05% fee
16245289.122604111,2023-01-18T00:00:00+00:00,24360964419.86195,DAI / ETH 0.05% fee
5374599.080644502,2023-01-19T00:00:00+00:00,24366339018.942593,DAI / ETH 0.05% fee
9289473.759568637,2023-01-20T00:00:00+00:00,24375628492.702164,DAI / ETH 0.05% fee
17194248.309332546,2023-01-21T00:00:00+00:00,24392822741.011497,DAI / ETH 0.05% fee
6233077.569153408,2023-01-22T00:00:00+00:00,24399055818.58065,DAI / ETH 0.05% fee
10819954.52568043,2023-01-23T00:00:00+00:00,24409875773.10633,DAI / ETH 0.05% fee
9221857.030342033,2023-01-24T00:00:00+00:00,24419097630.136673,DAI / ETH 0.05% fee
9259867.158918072,2023-01-25T00:00:00+00:00,24428357497.29559,DAI / ETH 0.05% fee
7520710.220734118,2023-01-26T00:00:00+00:00,24435878207.516323,DAI / ETH 0.05% fee
6352551.9147683475,2023-01-27T00:00:00+00:00,24442230759.43109,DAI / ETH 0.05% fee
3478113.659421348,2023-01-28T00:00:00+00:00,24445708873.090515,DAI / ETH 0.05% fee
8261937.13073227,2023-01-29T00:00:00+00:00,24453970810.221245,DAI / ETH 0.05% fee
7423746.872130324,2023-01-30T00:00:00+00:00,24461394557.093376,DAI / ETH 0.05% fee
5329837.885665874,2023-01-31T00:00:00+00:00,24466724394.979042,DAI / ETH 0.05% fee
8997557.312655758,2023-02-01T00:00:00+00:00,24475721952.2917,DAI / ETH 0.05% fee
18846709.432656594,2023-02-02T00:00:00+00:00,24494568661.724354,DAI / ETH 0.05% fee
7877019.846953782,2023-02-03T00:00:00+00:00,24502445681.57131,DAI / ETH 0.05% fee
5286677.797371143,2023-02-04T00:00:00+00:00,24507732359.36868,DAI / ETH 0.05% fee
5629091.993455827,2023-02-05T00:00:00+00:00,24513361451.362137,DAI / ETH 0.05% fee
4841724.23996695,2023-02-06T00:00:00+00:00,24518203175.6021,DAI / ETH 0.05% fee
9441839.385241339,2023-02-07T00:00:00+00:00,24527645014.987343,DAI / ETH 0.05% fee
6041286.354981956,2023-02-08T00:00:00+00:00,24533686301.342327,DAI / ETH 0.05% fee
12246768.692289742,2023-02-09T00:00:00+00:00,24545933070.034615,DAI / ETH 0.05% fee
9606123.450262953,2023-02-10T00:00:00+00:00,24555539193.48488,DAI / ETH 0.05% fee
3830261.2403981145,2023-02-11T00:00:00+00:00,24559369454.725277,DAI / ETH 0.05% fee
9081359.408484599,2023-02-12T00:00:00+00:00,24568450814.133762,DAI / ETH 0.05% fee
11121338.73183886,2023-02-13T00:00:00+00:00,24579572152.8656,DAI / ETH 0.05% fee
12218063.555060482,2023-02-14T00:00:00+00:00,24591790216.42066,DAI / ETH 0.05% fee
13535070.18848114,2023-02-15T00:00:00+00:00,24605325286.609142,DAI / ETH 0.05% fee
18535744.21861986,2023-02-16T00:00:00+00:00,24623861030.827763,DAI / ETH 0.05% fee
11621196.064364696,2023-02-17T00:00:00+00:00,24635482226.892124,DAI / ETH 0.05% fee
5460467.534357356,2023-02-18T00:00:00+00:00,24640942694.426483,DAI / ETH 0.05% fee
7295819.251176333,2023-02-19T00:00:00+00:00,24648238513.677658,DAI / ETH 0.05% fee
6270016.43196181,2023-02-20T00:00:00+00:00,24654508530.109623,DAI / ETH 0.05% fee
11586097.507210229,2023-02-21T00:00:00+00:00,24666094627.616833,DAI / ETH 0.05% fee
9826540.216215886,2023-02-22T00:00:00+00:00,24675921167.833046,DAI / ETH 0.05% fee
8877631.671795439,2023-02-23T00:00:00+00:00,24684798799.50484,DAI / ETH 0.05% fee
9337789.951262467,2023-02-24T00:00:00+00:00,24694136589.456104,DAI / ETH 0.05% fee
4061924.3761945167,2023-02-25T00:00:00+00:00,24698198513.8323,DAI / ETH 0.05% fee
3600044.94777289,2023-02-26T00:00:00+00:00,24701798558.78007,DAI / ETH 0.05% fee
7174231.209294062,2023-02-27T00:00:00+00:00,24708972789.98937,DAI / ETH 0.05% fee
8094947.616789888,2023-02-28T00:00:00+00:00,24717067737.606155,DAI / ETH 0.05% fee
8192397.528062978,2023-03-01T00:00:00+00:00,24725260135.13422,DAI / ETH 0.05% fee
7134195.3182024015,2023-03-02T00:00:00+00:00,24732394330.452423,DAI / ETH 0.05% fee
9298134.222369423,2023-03-03T00:00:00+00:00,24741692464.674793,DAI / ETH 0.05% fee
5691031.897782741,2023-03-04T00:00:00+00:00,24747383496.572575,DAI / ETH 0.05% fee
2319410.97786381,2023-03-05T00:00:00+00:00,24749702907.550438,DAI / ETH 0.05% fee
5963515.15640544,2023-03-06T00:00:00+00:00,24755666422.706844,DAI / ETH 0.05% fee
8894599.259722026,2023-03-07T00:00:00+00:00,24764561021.966564,DAI / ETH 0.05% fee
3504328.724729716,2023-03-08T00:00:00+00:00,24768065350.691296,DAI / ETH 0.05% fee
11663012.18369095,2023-03-09T00:00:00+00:00,24779728362.874985,DAI / ETH 0.05% fee
15425127.100670323,2023-03-10T00:00:00+00:00,24795153489.975655,DAI / ETH 0.05% fee
231311735.13012278,2023-03-11T00:00:00+00:00,25026465225.105778,DAI / ETH 0.05% fee
32188721.655119304,2023-03-12T00:00:00+00:00,25058653946.7609,DAI / ETH 0.05% fee
73141756.33440639,2023-03-13T00:00:00+00:00,25131795703.095306,DAI / ETH 0.05% fee
126105825.38243979,2023-03-14T00:00:00+00:00,25257901528.477745,DAI / ETH 0.05% fee
105167716.87442458,2023-03-15T00:00:00+00:00,25363069245.35217,DAI / ETH 0.05% fee
11560459.46733855,2023-03-16T00:00:00+00:00,25374629704.819508,DAI / ETH 0.05% fee
21006201.477121904,2023-03-17T00:00:00+00:00,25395635906.29663,DAI / ETH 0.05% fee
20837001.189474475,2023-03-18T00:00:00+00:00,25416472907.486103,DAI / ETH 0.05% fee
15275766.635078426,2023-03-19T00:00:00+00:00,25431748674.12118,DAI / ETH 0.05% fee
28785641.08707822,2023-03-20T00:00:00+00:00,25460534315.20826,DAI / ETH 0.05% fee
37665591.71274983,2023-03-21T00:00:00+00:00,25498199906.92101,DAI / ETH 0.05% fee
34570937.078862384,2023-03-22T00:00:00+00:00,25532770843.999874,DAI / ETH 0.05% fee
14794861.79145045,2023-03-23T00:00:00+00:00,25547565705.791325,DAI / ETH 0.05% fee
13511524.187858865,2023-03-24T00:00:00+00:00,25561077229.979183,DAI / ETH 0.05% fee
7196458.052770658,2023-03-25T00:00:00+00:00,25568273688.03195,DAI / ETH 0.05% fee
9177637.681171848,2023-03-26T00:00:00+00:00,25577451325.713123,DAI / ETH 0.05% fee
12307574.673322134,2023-03-27T00:00:00+00:00,25589758900.386448,DAI / ETH 0.05% fee
10156378.655425487,2023-03-28T00:00:00+00:00,25599915279.041874,DAI / ETH 0.05% fee
9466798.475038372,2023-03-29T00:00:00+00:00,25609382077.51691,DAI / ETH 0.05% fee
11390520.479547577,2023-03-30T00:00:00+00:00,25620772597.99646,DAI / ETH 0.05% fee
6630559.231840311,2023-03-31T00:00:00+00:00,25627403157.2283,DAI / ETH 0.05% fee
14142782.802251669,2023-04-01T00:00:00+00:00,25641545940.030552,DAI / ETH 0.05% fee
5282779.469485322,2023-04-02T00:00:00+00:00,25646828719.500034,DAI / ETH 0.05% fee
12625568.547677748,2023-04-03T00:00:00+00:00,25659454288.047714,DAI / ETH 0.05% fee
11412860.719660288,2023-04-04T00:00:00+00:00,25670867148.767372,DAI / ETH 0.05% fee
5290693.978684715,2023-04-05T00:00:00+00:00,25676157842.74606,DAI / ETH 0.05% fee
6939729.376989397,2023-04-06T00:00:00+00:00,25683097572.123047,DAI / ETH 0.05% fee
5758206.565242012,2023-04-07T00:00:00+00:00,25688855778.68829,DAI / ETH 0.05% fee
3600679.204870738,2023-04-08T00:00:00+00:00,25692456457.89316,DAI / ETH 0.05% fee
5402941.697052811,2023-04-09T00:00:00+00:00,25697859399.590214,DAI / ETH 0.05% fee
5842282.4301411025,2023-04-10T00:00:00+00:00,25703701682.020355,DAI / ETH 0.05% fee
3846281.1076520546,2023-04-11T00:00:00+00:00,25707547963.128006,DAI / ETH 0.05% fee
5869150.39053078,2023-04-12T00:00:00+00:00,25713417113.518536,DAI / ETH 0.05% fee
2016875.6734724285,2023-04-13T00:00:00+00:00,25715433989.19201,DAI / ETH 0.05% fee
3076506.0418443605,2023-04-14T00:00:00+00:00,25718510495.233852,DAI / ETH 0.05% fee
910418.7210569027,2023-04-15T00:00:00+00:00,25719420913.95491,DAI / ETH 0.05% fee
545068.396148629,2023-04-16T00:00:00+00:00,25719965982.35106,DAI / ETH 0.05% fee
2665025.1305996003,2023-04-17T00:00:00+00:00,25722631007.48166,DAI / ETH 0.05% fee
3065438.213931103,2023-04-18T00:00:00+00:00,25725696445.69559,DAI / ETH 0.05% fee
2459029.3267486813,2023-04-19T00:00:00+00:00,25728155475.02234,DAI / ETH 0.05% fee
5159017.839939088,2023-04-20T00:00:00+00:00,25733314492.862278,DAI / ETH 0.05% fee
7912819.205770153,2023-04-21T00:00:00+00:00,25741227312.068047,DAI / ETH 0.05% fee
4187576.999303713,2023-04-22T00:00:00+00:00,25745414889.067352,DAI / ETH 0.05% fee
2969480.8152478067,2023-04-23T00:00:00+00:00,25748384369.8826,DAI / ETH 0.05% fee
10940185.307171172,2023-04-24T00:00:00+00:00,25759324555.18977,DAI / ETH 0.05% fee
13207614.317145273,2023-04-25T00:00:00+00:00,25772532169.506916,DAI / ETH 0.05% fee
16186339.971698731,2023-04-26T00:00:00+00:00,25788718509.478615,DAI / ETH 0.05% fee
8888481.105226288,2023-04-27T00:00:00+00:00,25797606990.58384,DAI / ETH 0.05% fee
10152848.266751274,2023-04-28T00:00:00+00:00,25807759838.850594,DAI / ETH 0.05% fee
1481803.2671455592,2023-04-29T00:00:00+00:00,25809241642.117737,DAI / ETH 0.05% fee
3206001.644539372,2023-04-30T00:00:00+00:00,25812447643.762276,DAI / ETH 0.05% fee
9878492.386622783,2023-05-01T00:00:00+00:00,25822326136.1489,DAI / ETH 0.05% fee
10586636.847239964,2023-05-02T00:00:00+00:00,25832912772.99614,DAI / ETH 0.05% fee
10091780.049816089,2023-05-03T00:00:00+00:00,25843004553.045956,DAI / ETH 0.05% fee
13241392.05124099,2023-05-04T00:00:00+00:00,25856245945.0972,DAI / ETH 0.05% fee
8944791.70835845,2023-05-05T00:00:00+00:00,25865190736.805557,DAI / ETH 0.05% fee
13476574.75853676,2023-05-06T00:00:00+00:00,25878667311.56409,DAI / ETH 0.05% fee
3169802.254027756,2023-05-07T00:00:00+00:00,25881837113.81812,DAI / ETH 0.05% fee
14044554.071145732,2023-05-08T00:00:00+00:00,25895881667.889267,DAI / ETH 0.05% fee
13920345.38230439,2023-05-09T00:00:00+00:00,25909802013.271572,DAI / ETH 0.05% fee
16718116.138066093,2023-05-10T00:00:00+00:00,25926520129.409637,DAI / ETH 0.05% fee
22406019.39627337,2023-05-11T00:00:00+00:00,25948926148.80591,DAI / ETH 0.05% fee
20758090.659002997,2023-05-12T00:00:00+00:00,25969684239.464912,DAI / ETH 0.05% fee
11100367.261022251,2023-05-13T00:00:00+00:00,25980784606.725937,DAI / ETH 0.05% fee
3518267.6524288263,2023-05-14T00:00:00+00:00,25984302874.378365,DAI / ETH 0.05% fee
8116521.2825354235,2023-05-15T00:00:00+00:00,25992419395.6609,DAI / ETH 0.05% fee
12494616.930262886,2023-05-16T00:00:00+00:00,26004914012.591164,DAI / ETH 0.05% fee
12838180.060032386,2023-05-17T00:00:00+00:00,26017752192.651196,DAI / ETH 0.05% fee
9183666.114766356,2023-05-18T00:00:00+00:00,26026935858.76596,DAI / ETH 0.05% fee
5699457.605331248,2023-05-19T00:00:00+00:00,26032635316.371292,DAI / ETH 0.05% fee
2940938.254198806,2023-05-20T00:00:00+00:00,26035576254.625492,DAI / ETH 0.05% fee
4226336.7252675565,2023-05-21T00:00:00+00:00,26039802591.350758,DAI / ETH 0.05% fee
10987199.955948176,2023-05-22T00:00:00+00:00,26050789791.306705,DAI / ETH 0.05% fee
10508895.027124533,2023-05-23T00:00:00+00:00,26061298686.33383,DAI / ETH 0.05% fee
14287115.81305288,2023-05-24T00:00:00+00:00,26075585802.146885,DAI / ETH 0.05% fee
9788676.709450163,2023-05-25T00:00:00+00:00,26085374478.856335,DAI / ETH 0.05% fee
7378621.640264299,2023-05-26T00:00:00+00:00,26092753100.496597,DAI / ETH 0.05% fee
3837847.6728318986,2023-05-27T00:00:00+00:00,26096590948.16943,DAI / ETH 0.05% fee
10706996.297968267,2023-05-28T00:00:00+00:00,26107297944.4674,DAI / ETH 0.05% fee
