ID;Date;Volume USD;Feed USD;TVL USD
18942;11/10/2021, 4:00:00 PM;0.0;0.0;0.0
18943;11/11/2021, 4:00:00 PM;8877212.19467628348395322;12571.369649588592577961;12571.369649588592577961
18944;11/12/2021, 4:00:00 PM;10392673.78360043599080275;11349.341501909739538726;11349.341501909739538726
18945;11/13/2021, 4:00:00 PM;8913001.997683765833054482;12956.197178057099884713;12956.197178057099884713
18946;11/14/2021, 4:00:00 PM;7978388.688049709063311908;13378.249689269417904761;13378.249689269417904761
18947;11/15/2021, 4:00:00 PM;16246360.172004436960046042;23409.552284549140019582;23409.552284549140019582
18948;11/16/2021, 4:00:00 PM;25210546.183282016621086356;29665.402558119103354539;29665.402558119103354539
18949;11/17/2021, 4:00:00 PM;22527306.318958704501300562;29423.973815987704913801;29423.973815987704913801
18950;11/18/2021, 4:00:00 PM;23196075.998323182442160699;28649.588557568784906672;28649.588557568784906672
18951;11/19/2021, 4:00:00 PM;8140598.884924513954007538;13145.823544213554971401;13145.823544213554971401
18952;11/20/2021, 4:00:00 PM;7155222.526051322921077839;11666.087353317232521909;11666.087353317232521909
18953;11/21/2021, 4:00:00 PM;10653414.021789826226740294;19741.317490475743685358;19741.317490475743685358
18954;11/22/2021, 4:00:00 PM;9556695.157042206118578013;18191.817822708859798998;18191.817822708859798998
18955;11/23/2021, 4:00:00 PM;9876186.978653287323401248;18493.337485381554523101;18493.337485381554523101
18956;11/24/2021, 4:00:00 PM;7456790.419062610251229804;15017.134818967602399344;15017.134818967602399344
18957;11/25/2021, 4:00:00 PM;15702758.811954779366848376;26641.298203397280181976;26641.298203397280181976
18958;11/26/2021, 4:00:00 PM;6030617.231900728140990922;8838.011558192948454126;8838.011558192948454126
18959;11/27/2021, 4:00:00 PM;10061313.765071387661978108;17311.522842117495154647;17311.522842117495154647
18960;11/28/2021, 4:00:00 PM;7065102.694397273389944543;14914.028525356428813195;14914.028525356428813195
18961;11/29/2021, 4:00:00 PM;11343237.881708165239869433;22437.321610199690819909;22437.321610199690819909
18962;11/30/2021, 4:00:00 PM;9000103.992712721855843961;16889.541429553520178954;16889.541429553520178954
18963;12/1/2021, 4:00:00 PM;8906246.690356545168812765;19302.070957954313428292;19302.070957954313428292
18964;12/2/2021, 4:00:00 PM;8842388.655158103920255714;15736.786083650904383206;15736.786083650904383206
18965;12/3/2021, 4:00:00 PM;12557442.50879042370347106;26985.951429658938839558;26985.951429658938839558
18966;12/4/2021, 4:00:00 PM;7151950.838866935593954176;13854.487278517331414311;13854.487278517331414311
18967;12/5/2021, 4:00:00 PM;15178590.625031205717673531;23169.773914292652097829;23169.773914292652097829
18968;12/6/2021, 4:00:00 PM;9006979.417741369375066376;14771.730809877095963029;14771.730809877095963029
18969;12/7/2021, 4:00:00 PM;10229261.225242744233777572;18135.62666434603080069;18135.62666434603080069
18970;12/8/2021, 4:00:00 PM;11045452.406712372294686452;19903.495609905713594887;19903.495609905713594887
18971;12/9/2021, 4:00:00 PM;24289405.558463712308166273;31528.960478874154955601;31528.960478874154955601
18972;12/10/2021, 4:00:00 PM;6794423.168051932612279536;13602.151788772475236997;13602.151788772475236997
18973;12/11/2021, 4:00:00 PM;4716290.638489295459695706;8151.145153409436454122;8151.145153409436454122
18974;12/12/2021, 4:00:00 PM;9307244.996715588964122945;17577.749437117668739704;17577.749437117668739704
18975;12/13/2021, 4:00:00 PM;14973762.678103939838499755;66415.42058111304871541;66415.42058111304871541
18976;12/14/2021, 4:00:00 PM;10839793.407438401605923603;32276.890480207938990572;32276.890480207938990572
18977;12/15/2021, 4:00:00 PM;9586888.974085003400697897;33859.206314094143370362;33859.206314094143370362
18978;12/16/2021, 4:00:00 PM;9341308.573349656199052699;26571.486723030436710176;26571.486723030436710176
18979;12/17/2021, 4:00:00 PM;7225260.941078753541553318;24521.966301529977219379;24521.966301529977219379
18980;12/18/2021, 4:00:00 PM;7272306.947944783798141501;20347.626680688268732528;20347.626680688268732528
18981;12/19/2021, 4:00:00 PM;9451215.246523802758038212;18345.914359937627819906;18345.914359937627819906
18982;12/20/2021, 4:00:00 PM;6573757.87341442015080393;11631.643997512391681074;11631.643997512391681074
18983;12/21/2021, 4:00:00 PM;5532381.963499321714247482;13462.859661455649609943;13462.859661455649609943
18984;12/22/2021, 4:00:00 PM;7331320.599473590702147113;16099.120435329258399568;16099.120435329258399568
18985;12/23/2021, 4:00:00 PM;9771820.752233042117889797;16408.789596430791864425;16408.789596430791864425
18986;12/24/2021, 4:00:00 PM;12025137.458287862718880886;17680.916850810694217718;17680.916850810694217718
18987;12/25/2021, 4:00:00 PM;23809388.943919144460946934;31345.598561198244467313;31345.598561198244467313
18988;12/26/2021, 4:00:00 PM;7185502.20762843400764501;13482.549689018483793817;13482.549689018483793817
18989;12/27/2021, 4:00:00 PM;8119898.899484919929369692;15401.805555348026846477;15401.805555348026846477
18990;12/28/2021, 4:00:00 PM;4478755.056575094129127801;9839.062289819168962308;9839.062289819168962308
18991;12/29/2021, 4:00:00 PM;4661295.448333163156485887;10800.76977582974509416;10800.76977582974509416
18992;12/30/2021, 4:00:00 PM;6184582.950176699639661401;14748.751827359552862627;14748.751827359552862627
18993;12/31/2021, 4:00:00 PM;3443590.843747587343779335;7423.720729029755654183;7423.720729029755654183
18994;1/1/2022, 4:00:00 PM;3932583.859968717814499915;8882.356856704431925597;8882.356856704431925597
18995;1/2/2022, 4:00:00 PM;4868550.39665708547121346;9818.833105898936370575;9818.833105898936370575
18996;1/3/2022, 4:00:00 PM;5076193.00438588493909781;12949.62486814280377898;12949.62486814280377898
18997;1/4/2022, 4:00:00 PM;8983158.211416653339110444;27705.292580132018495932;27705.292580132018495932
18998;1/5/2022, 4:00:00 PM;9807890.031807717094571162;35637.446350076052024886;35637.446350076052024886
18999;1/6/2022, 4:00:00 PM;24055845.153644570747057475;45816.54860921969073952;45816.54860921969073952
19000;1/7/2022, 4:00:00 PM;8171906.472637346162161095;19118.534248680714379425;19118.534248680714379425
19001;1/8/2022, 4:00:00 PM;5879922.57328352511402839;11225.668917727392831632;11225.668917727392831632
19002;1/9/2022, 4:00:00 PM;8300038.125153125205710407;18848.609300372093389745;18848.609300372093389745
19003;1/10/2022, 4:00:00 PM;4517999.824452364832985917;9232.220228493586313468;9232.220228493586313468
19004;1/11/2022, 4:00:00 PM;5523629.814318898460210459;11626.016112628914984035;11626.016112628914984035
19005;1/12/2022, 4:00:00 PM;4604658.80827640095152905;11825.913661933400319641;11825.913661933400319641
19006;1/13/2022, 4:00:00 PM;5816016.148459310307565517;18598.522670813390996123;18598.522670813390996123
19007;1/14/2022, 4:00:00 PM;4553053.328408635683030262;14592.182436575393691069;14592.182436575393691069
19008;1/15/2022, 4:00:00 PM;5683294.418239058683696709;17296.251723695969043599;17296.251723695969043599
19009;1/16/2022, 4:00:00 PM;5088577.202890306004098558;13332.397498256860683384;13332.397498256860683384
19010;1/17/2022, 4:00:00 PM;9517487.153441263308338876;31049.502928618007245105;31049.502928618007245105
19011;1/18/2022, 4:00:00 PM;11226567.993057518656687415;30479.964708116009436971;30479.964708116009436971
19012;1/19/2022, 4:00:00 PM;8867013.464443118976613266;22710.172053913873268468;22710.172053913873268468
19013;1/20/2022, 4:00:00 PM;18374074.780658575231816187;52557.328574999817054011;52557.328574999817054011
19014;1/21/2022, 4:00:00 PM;12166457.454830240453855489;26575.964877189685327714;26575.964877189685327714
19015;1/22/2022, 4:00:00 PM;7593512.96897725308475714;15288.868429547136001865;15288.868429547136001865
19016;1/23/2022, 4:00:00 PM;14276184.500471897076236044;31139.105589275967707178;31139.105589275967707178
19017;1/24/2022, 4:00:00 PM;9253047.75891101831215572;20671.327501741572917117;20671.327501741572917117
19018;1/25/2022, 4:00:00 PM;11422788.421527746640111877;24003.792162835338293962;24003.792162835338293962
19019;1/26/2022, 4:00:00 PM;8055431.623789936071467081;14469.803813382993241934;14469.803813382993241934
19020;1/27/2022, 4:00:00 PM;6169647.827513292339542184;14730.509943430716318062;14730.509943430716318062
19021;1/28/2022, 4:00:00 PM;4427994.190920604778246547;7062.244156098560296214;7062.244156098560296214
19022;1/29/2022, 4:00:00 PM;4613632.506749197925158336;7871.597851749636616655;7871.597851749636616655
19023;1/30/2022, 4:00:00 PM;5973945.520911535560850333;12602.146325000492590006;12602.146325000492590006
19024;1/31/2022, 4:00:00 PM;4581440.316245347916373939;10695.065954071252057847;10695.065954071252057847
19025;2/1/2022, 4:00:00 PM;7910170.425779484150511821;17251.09447974264899083;17251.09447974264899083
19026;2/2/2022, 4:00:00 PM;4681445.082327984964242363;9901.971259614811852054;9901.971259614811852054
19027;2/3/2022, 4:00:00 PM;15339742.096642421028857725;21974.897583862734693206;21974.897583862734693206
19028;2/4/2022, 4:00:00 PM;5394633.184763622160982621;10365.998527173954627831;10365.998527173954627831
19029;2/5/2022, 4:00:00 PM;3354256.976702395982175808;7435.803814124864861218;7435.803814124864861218
19030;2/6/2022, 4:00:00 PM;9437774.49662149271553096;24715.751536944391274778;24715.751536944391274778
19031;2/7/2022, 4:00:00 PM;5896092.415148195957048561;14772.395746051631438931;14772.395746051631438931
19032;2/8/2022, 4:00:00 PM;6146316.591650598956057933;13838.729685480247580983;13838.729685480247580983
19033;2/9/2022, 4:00:00 PM;7978919.432799117304001805;18124.269267586848128945;18124.269267586848128945
19034;2/10/2022, 4:00:00 PM;9690335.209439417611322942;22858.298235935173577599;22858.298235935173577599
19035;2/11/2022, 4:00:00 PM;5029495.322314828509731257;10117.879951258359936312;10117.879951258359936312
19036;2/12/2022, 4:00:00 PM;4765879.099168884790553569;11126.32398433017894287;11126.32398433017894287
19037;2/13/2022, 4:00:00 PM;5746996.043537423140588798;13527.863830396253013483;13527.863830396253013483
19038;2/14/2022, 4:00:00 PM;6322705.146946086145547534;16537.879300105869422163;16537.879300105869422163
19039;2/15/2022, 4:00:00 PM;5247369.988795527694455641;10596.819349392181606084;10596.819349392181606084
19040;2/16/2022, 4:00:00 PM;5771024.600705940716453409;11695.211507434502543657;11695.211507434502543657
19041;2/17/2022, 4:00:00 PM;4200474.125935803036209749;8721.555459907559698943;8721.555459907559698943
19042;2/18/2022, 4:00:00 PM;3719579.879900160257523455;6760.408305296930783941;6760.408305296930783941
19043;2/19/2022, 4:00:00 PM;5378979.126626597754716489;11451.648508628871910333;11451.648508628871910333
19044;2/20/2022, 4:00:00 PM;8315990.216083322242342583;18448.410266379085139803;18448.410266379085139803
19045;2/21/2022, 4:00:00 PM;5469249.205735944952928762;11411.11767907714962967;11411.11767907714962967
19046;2/22/2022, 4:00:00 PM;4644013.526864131840111538;10110.403840390262002324;10110.403840390262002324
19047;2/23/2022, 4:00:00 PM;14688590.275160725866018264;33024.729722145914580871;33024.729722145914580871
19048;2/24/2022, 4:00:00 PM;6948906.323155992331007391;14450.679095800302747239;14450.679095800302747239
19049;2/25/2022, 4:00:00 PM;5424655.62597135634588918;10121.29140543433710897;10121.29140543433710897
19050;2/26/2022, 4:00:00 PM;9682993.394077221083870593;21391.721152405905161411;21391.721152405905161411
19051;2/27/2022, 4:00:00 PM;9633450.040316820624955841;21169.364044827670296761;21169.364044827670296761
19052;2/28/2022, 4:00:00 PM;8745821.045618262758598657;18721.822735634900546899;18721.822735634900546899
19053;3/1/2022, 4:00:00 PM;7369522.045800634253811276;16419.3109212162366252;16419.3109212162366252
19054;3/2/2022, 4:00:00 PM;6705020.213521955042481593;12543.926707495519454402;12543.926707495519454402
19055;3/3/2022, 4:00:00 PM;12614847.750000702794400966;17294.203687617824054914;17294.203687617824054914
19056;3/4/2022, 4:00:00 PM;4307635.860619930845099074;7097.096863533442555492;7097.096863533442555492
19057;3/5/2022, 4:00:00 PM;4724531.98462711940453337;7555.254667604753280773;7555.254667604753280773
19058;3/6/2022, 4:00:00 PM;6585688.764290115390754009;14443.505228955205744981;14443.505228955205744981
19059;3/7/2022, 4:00:00 PM;5531076.096488897788798636;14659.343113350004320562;14659.343113350004320562
19060;3/8/2022, 4:00:00 PM;8004525.644782174796876311;16164.070629066699492869;16164.070629066699492869
19061;3/9/2022, 4:00:00 PM;4725449.130257912163191479;9248.065700547896613733;9248.065700547896613733
19062;3/10/2022, 4:00:00 PM;5293913.267825794380566256;11640.232374377092107742;11640.232374377092107742
19063;3/11/2022, 4:00:00 PM;3180011.477337223581581815;5244.358193616286661589;5244.358193616286661589
19064;3/12/2022, 4:00:00 PM;3779460.441961543560257282;6735.211818047479076904;6735.211818047479076904
19065;3/13/2022, 5:00:00 PM;5124283.220190424820193194;10631.53497415294764925;10631.53497415294764925
19066;3/14/2022, 5:00:00 PM;4661627.097672909906056715;9797.968112935206422418;9797.968112935206422418
19067;3/15/2022, 5:00:00 PM;7732954.79556048502578755;15287.435723946288503755;15287.435723946288503755
19068;3/16/2022, 5:00:00 PM;4768427.72487360365720899;10235.109091120860723084;10235.109091120860723084
19069;3/17/2022, 5:00:00 PM;5116583.186150395993654031;11244.757357241304734665;11244.757357241304734665
19070;3/18/2022, 5:00:00 PM;5588111.209834305588715636;11005.490308908459694352;11005.490308908459694352
19071;3/19/2022, 5:00:00 PM;5035384.571986620179779887;8518.313312862852828901;8518.313312862852828901
19072;3/20/2022, 5:00:00 PM;5148946.792147794148767285;9821.567395335598596636;9821.567395335598596636
19073;3/21/2022, 5:00:00 PM;5124267.506247481618012681;10692.084625975089800552;10692.084625975089800552
19074;3/22/2022, 5:00:00 PM;6324197.449437879624380791;13249.099928967483968335;13249.099928967483968335
19075;3/23/2022, 5:00:00 PM;8430455.92884144708817937;13736.540134488304566054;13736.540134488304566054
19076;3/24/2022, 5:00:00 PM;6494149.611640875414685985;10991.805574759132715213;10991.805574759132715213
19077;3/25/2022, 5:00:00 PM;3056718.13698651177207337;5744.580312923240669446;5744.580312923240669446
19078;3/26/2022, 5:00:00 PM;3719258.166908380424843071;6295.491533807110381742;6295.491533807110381742
19079;3/27/2022, 5:00:00 PM;7567748.479264965256417888;12064.479705563706579725;12064.479705563706579725
19080;3/28/2022, 5:00:00 PM;7598727.749266096259806859;20342.997900871303013927;20342.997900871303013927
19081;3/29/2022, 5:00:00 PM;7420233.699387959254821852;13916.711945903887745599;13916.711945903887745599
19082;3/30/2022, 5:00:00 PM;13583917.990415181692534716;19681.076366991601397412;19681.076366991601397412
19083;3/31/2022, 5:00:00 PM;17861433.707220388515314239;27791.672999899547050458;27791.672999899547050458
19084;4/1/2022, 5:00:00 PM;5229796.754104411425635011;13768.789288434531077954;13768.789288434531077954
19085;4/2/2022, 5:00:00 PM;5844320.646438604392886383;13668.380649639157363528;13668.380649639157363528
19086;4/3/2022, 5:00:00 PM;6137725.65769979694188512;14824.075291925220900013;14824.075291925220900013
19087;4/4/2022, 5:00:00 PM;6884104.074630250999808042;13580.839134879013407451;13580.839134879013407451
19088;4/5/2022, 5:00:00 PM;12460942.68212503193308912;24921.191670044375703763;24921.191670044375703763
19089;4/6/2022, 5:00:00 PM;6820327.280297061011045605;10764.886064073854580725;10764.886064073854580725
19090;4/7/2022, 5:00:00 PM;5940547.42833621768191424;9373.456194875938846838;9373.456194875938846838
19091;4/8/2022, 5:00:00 PM;2897957.208351475748082339;4855.559147500267950965;4855.559147500267950965
19092;4/9/2022, 5:00:00 PM;3368571.761146727093682783;5338.335120704512421645;5338.335120704512421645
19093;4/10/2022, 5:00:00 PM;12947803.159639864144870343;20946.464139950172486808;20946.464139950172486808
19094;4/11/2022, 5:00:00 PM;8014462.075249422533462855;13971.104070046378218991;13971.104070046378218991
19095;4/12/2022, 5:00:00 PM;7055004.899272013263834035;9947.650643266273609828;9947.650643266273609828
19096;4/13/2022, 5:00:00 PM;6545554.122568506721974357;11096.024800417778577857;11096.024800417778577857
19097;4/14/2022, 5:00:00 PM;3726849.574424812057065914;5626.672107449309942127;5626.672107449309942127
19098;4/15/2022, 5:00:00 PM;3714179.625389929223041691;6152.302681504994186377;6152.302681504994186377
19099;4/16/2022, 5:00:00 PM;4826803.603591957574121881;7103.825210123294148855;7103.825210123294148855
19100;4/17/2022, 5:00:00 PM;5750461.710778528075980742;9841.010980044539836464;9841.010980044539836464
19101;4/18/2022, 5:00:00 PM;10512186.520044836109252251;26579.346606713998604864;26579.346606713998604864
19102;4/19/2022, 5:00:00 PM;20030585.403571842699291797;52825.270660832001128859;52825.270660832001128859
19103;4/20/2022, 5:00:00 PM;16159565.656216008616264995;40158.399537426497971094;40158.399537426497971094
19104;4/21/2022, 5:00:00 PM;10201881.785805181945263402;16713.010443683224302878;16713.010443683224302878
19105;4/22/2022, 5:00:00 PM;6041230.427611716794173053;8179.785834306204409729;8179.785834306204409729
19106;4/23/2022, 5:00:00 PM;6836754.845670089304398772;11073.792003226607375419;11073.792003226607375419
19107;4/24/2022, 5:00:00 PM;9962794.565662999831208897;15540.386304980428571036;15540.386304980428571036
19108;4/25/2022, 5:00:00 PM;16167894.708546451229789131;34319.882832318428496142;34319.882832318428496142
19109;4/26/2022, 5:00:00 PM;9543533.72846409207568442;15088.718923973639188592;15088.718923973639188592
19110;4/27/2022, 5:00:00 PM;9920079.478368037771733518;14844.109419550365597463;14844.109419550365597463
19111;4/28/2022, 5:00:00 PM;11355087.454114341746441087;14599.388952144829039899;14599.388952144829039899
19112;4/29/2022, 5:00:00 PM;6070151.657379806129039393;9108.13950133020228836;9108.13950133020228836
19113;4/30/2022, 5:00:00 PM;5423384.071271971720579331;9111.045310308698686946;9111.045310308698686946
19114;5/1/2022, 5:00:00 PM;7167320.797695411174136396;13001.148166211012528289;13001.148166211012528289
19115;5/2/2022, 5:00:00 PM;7228454.060809153155174719;12372.21939149287701563;12372.21939149287701563
19116;5/3/2022, 5:00:00 PM;12757819.324302348979121587;19538.206174295836506768;19538.206174295836506768
19117;5/4/2022, 5:00:00 PM;12021350.035501993802299258;17459.218798344180462455;17459.218798344180462455
19118;5/5/2022, 5:00:00 PM;9411006.484819473487404039;11516.522869706916908623;11516.522869706916908623
19119;5/6/2022, 5:00:00 PM;5908696.080169727407790947;7601.797239478409595201;7601.797239478409595201
19120;5/7/2022, 5:00:00 PM;6862620.798717237934291084;8767.8760190519762525;8767.8760190519762525
19121;5/8/2022, 5:00:00 PM;14998970.108724045383370438;25327.809872722412078073;25327.809872722412078073
19122;5/9/2022, 5:00:00 PM;16402842.987145170453835749;27222.291282063747428657;27222.291282063747428657
19123;5/10/2022, 5:00:00 PM;29648097.527879550389802872;52903.081098735510455605;52903.081098735510455605
19124;5/11/2022, 5:00:00 PM;26992609.58401798765950065;49845.55151485113158583;49845.55151485113158583
19125;5/12/2022, 5:00:00 PM;10551267.53570237320667263;21666.498733682777659181;21666.498733682777659181
19126;5/13/2022, 5:00:00 PM;5474734.138590360098440654;9044.759956692945930283;9044.759956692945930283
19127;5/14/2022, 5:00:00 PM;5294584.299793130488078687;9132.267081154286902129;9132.267081154286902129
19128;5/15/2022, 5:00:00 PM;6028580.624819196807616311;10207.387326021820232523;10207.387326021820232523
19129;5/16/2022, 5:00:00 PM;6520212.683255603939509227;13201.087651907471187946;13201.087651907471187946
19130;5/17/2022, 5:00:00 PM;6847197.126613909476956828;12243.378221856416450574;12243.378221856416450574
19131;5/18/2022, 5:00:00 PM;6963663.212319143745798826;13536.221139064046471685;13536.221139064046471685
19132;5/19/2022, 5:00:00 PM;4905003.346879685346722715;9069.837094163301054196;9069.837094163301054196
19133;5/20/2022, 5:00:00 PM;3379876.270718730991269154;5002.657669902405323405;5002.657669902405323405
19134;5/21/2022, 5:00:00 PM;3888306.423034616419746312;6080.015313657333688719;6080.015313657333688719
19135;5/22/2022, 5:00:00 PM;5755594.748895786963170113;11441.952094977359331004;11441.952094977359331004
19136;5/23/2022, 5:00:00 PM;6591516.10091356582809099;10640.371606786871570457;10640.371606786871570457
19137;5/24/2022, 5:00:00 PM;7674274.131211426184096047;10722.697638955019003813;10722.697638955019003813
19138;5/25/2022, 5:00:00 PM;8561633.901308735134271701;14155.066887799568628869;14155.066887799568628869
19139;5/26/2022, 5:00:00 PM;12281105.335605278163014577;15741.091952932037199375;15741.091952932037199375
19140;5/27/2022, 5:00:00 PM;5600735.594853941968474794;7078.216475860547675591;7078.216475860547675591
19141;5/28/2022, 5:00:00 PM;3026466.917111674715494828;4096.729572286109964845;4096.729572286109964845
19142;5/29/2022, 5:00:00 PM;9086852.259020127295518734;14789.840381915685000629;14789.840381915685000629
19143;5/30/2022, 5:00:00 PM;81881796.818841889471060543;365434.978683022769787867;365434.978683022769787867
19144;5/31/2022, 5:00:00 PM;230119324.5228760786541629;744581.37167263343326844;744581.37167263343326844
19145;6/1/2022, 5:00:00 PM;107186841.182255259210195325;256123.523762559750587674;256123.523762559750587674
19146;6/2/2022, 5:00:00 PM;68908616.770757349920132162;136705.946292021442858466;136705.946292021442858466
19147;6/3/2022, 5:00:00 PM;36270785.897857385148979675;73457.206303274751536825;73457.206303274751536825
19148;6/4/2022, 5:00:00 PM;38077045.357493597411933265;78134.971452598176366519;78134.971452598176366519
19149;6/5/2022, 5:00:00 PM;40135905.959972653211195816;67629.024733542711370485;67629.024733542711370485
19150;6/6/2022, 5:00:00 PM;54133853.182048066751918512;71650.459888462803093099;71650.459888462803093099
19151;6/7/2022, 5:00:00 PM;52357072.846350487259104432;83687.465637724550771299;83687.465637724550771299
19152;6/8/2022, 5:00:00 PM;42560903.105938264030246621;74382.470473330276364785;74382.470473330276364785
19153;6/9/2022, 5:00:00 PM;48385219.287488591924312495;86050.626138691777092481;86050.626138691777092481
19154;6/10/2022, 5:00:00 PM;41986185.481990372111373004;63629.373720524998796866;63629.373720524998796866
19155;6/11/2022, 5:00:00 PM;48458490.955474938293688804;63312.718551512536626456;63312.718551512536626456
19156;6/12/2022, 5:00:00 PM;65986018.911488296603055806;80149.633358374005497617;80149.633358374005497617
19157;6/13/2022, 5:00:00 PM;42046724.264745848496692329;53124.923600542495989061;53124.923600542495989061
19158;6/14/2022, 5:00:00 PM;56467038.354869856222523987;69506.578197529368346538;69506.578197529368346538
19159;6/15/2022, 5:00:00 PM;27261268.170285523369574696;32557.334303570063763103;32557.334303570063763103
19160;6/16/2022, 5:00:00 PM;18189697.41942361975453146;18385.887412040986802468;18385.887412040986802468
19161;6/17/2022, 5:00:00 PM;25484401.438743122007172315;29434.550349332035122433;29434.550349332035122433
19162;6/18/2022, 5:00:00 PM;22500964.912176637887961246;23793.437399988512860688;23793.437399988512860688
19163;6/19/2022, 5:00:00 PM;27875844.396939577081387607;33715.375753792837029049;33715.375753792837029049
19164;6/20/2022, 5:00:00 PM;20946794.697836542397015726;24099.01353652228993515;24099.01353652228993515
19165;6/21/2022, 5:00:00 PM;19614400.608560129864681844;20659.856681448340084426;20659.856681448340084426
19166;6/22/2022, 5:00:00 PM;15559036.055632984013838885;16746.648334427533461297;16746.648334427533461297
19167;6/23/2022, 5:00:00 PM;20814476.334555340491122566;30365.530508967531690993;30365.530508967531690993
19168;6/24/2022, 5:00:00 PM;17693587.009411189873815716;27567.73758644675624783;27567.73758644675624783
19169;6/25/2022, 5:00:00 PM;16928168.749304585085792828;22787.163225493560904707;22787.163225493560904707
19170;6/26/2022, 5:00:00 PM;12833209.222989551971032752;16001.356971801527222407;16001.356971801527222407
19171;6/27/2022, 5:00:00 PM;15265123.117271024812404629;21168.471052339838413576;21168.471052339838413576
19172;6/28/2022, 5:00:00 PM;19121051.406173683006582691;27852.71285392704370131;27852.71285392704370131
19173;6/29/2022, 5:00:00 PM;21364198.267371227619161551;25730.271095254114146991;25730.271095254114146991
19174;6/30/2022, 5:00:00 PM;15905493.074002861236122825;18417.174201200442328135;18417.174201200442328135
19175;7/1/2022, 5:00:00 PM;8290607.147124927259486169;9219.903096366196000658;9219.903096366196000658
19176;7/2/2022, 5:00:00 PM;8350786.969210384930987324;8216.090649591165188097;8216.090649591165188097
19177;7/3/2022, 5:00:00 PM;12430648.012703099607753909;14182.775964050124400345;14182.775964050124400345
19178;7/4/2022, 5:00:00 PM;12005888.652127569398918684;12761.707363084894444127;12761.707363084894444127
19179;7/5/2022, 5:00:00 PM;17876162.433015029604962624;18940.349654221156228886;18940.349654221156228886
19180;7/6/2022, 5:00:00 PM;12405814.385605012587969115;15362.153006130647936985;15362.153006130647936985
19181;7/7/2022, 5:00:00 PM;14999976.624816030354498421;17747.115173183613911398;17747.115173183613911398
19182;7/8/2022, 5:00:00 PM;8810255.447625892302604691;9171.529341011590869405;9171.529341011590869405
19183;7/9/2022, 5:00:00 PM;7912000.133778726623110045;9859.836853466739651581;9859.836853466739651581
19184;7/10/2022, 5:00:00 PM;7277613.427886539777163405;9591.096122381789483264;9591.096122381789483264
19185;7/11/2022, 5:00:00 PM;8359912.150727660381860548;11461.494693851493193142;11461.494693851493193142
19186;7/12/2022, 5:00:00 PM;17100292.024545480014602587;18968.300979211572624894;18968.300979211572624894
19187;7/13/2022, 5:00:00 PM;13229024.221007665736730728;15184.572330829512914019;15184.572330829512914019
19188;7/14/2022, 5:00:00 PM;15708589.959983206611747677;19126.292591582067996558;19126.292591582067996558
19189;7/15/2022, 5:00:00 PM;17951525.830961568558139833;22848.424408338880526469;22848.424408338880526469
19190;7/16/2022, 5:00:00 PM;18189191.277548690203322057;29328.264336533811895454;29328.264336533811895454
19191;7/17/2022, 5:00:00 PM;41982238.748956451677769268;71516.673109329734881324;71516.673109329734881324
19192;7/18/2022, 5:00:00 PM;36522470.120433317203800448;45889.255253198593527874;45889.255253198593527874
19193;7/19/2022, 5:00:00 PM;31782911.781384793009404798;48370.926402259575213027;48370.926402259575213027
19194;7/20/2022, 5:00:00 PM;25968822.408376583156873014;35674.587546029104955429;35674.587546029104955429
19195;7/21/2022, 5:00:00 PM;28985921.651528049943236707;49440.719673577592611208;49440.719673577592611208
19196;7/22/2022, 5:00:00 PM;24549682.781987793510114332;47509.920316688720728269;47509.920316688720728269
19197;7/23/2022, 5:00:00 PM;30431111.911087590834992617;51586.134933108743005741;51586.134933108743005741
19198;7/24/2022, 5:00:00 PM;28492183.3400796950170495;43204.2659586316811421;43204.2659586316811421
19199;7/25/2022, 5:00:00 PM;21151907.223355954346276782;31915.901587331058489643;31915.901587331058489643
19200;7/26/2022, 5:00:00 PM;39249666.610725397253882928;64866.138345989818058618;64866.138345989818058618
19201;7/27/2022, 5:00:00 PM;73335271.002413685426992816;147000.584172298017812076;147000.584172298017812076
19202;7/28/2022, 5:00:00 PM;75309733.902808928449620173;163306.324154968616251623;163306.324154968616251623
19203;7/29/2022, 5:00:00 PM;43809952.718020713489954039;80437.431663743520686564;80437.431663743520686564
19204;7/30/2022, 5:00:00 PM;36224834.281698235034672884;55628.815397788104480002;55628.815397788104480002
19205;7/31/2022, 5:00:00 PM;35492144.152907471002739382;56428.173353407354612325;56428.173353407354612325
19206;8/1/2022, 5:00:00 PM;46230126.814540951384755621;74934.370396726555853048;74934.370396726555853048
19207;8/2/2022, 5:00:00 PM;43729831.661179056729316348;81349.097638122261422348;81349.097638122261422348
19208;8/3/2022, 5:00:00 PM;53126147.220200124936811344;81617.947255858258115894;81617.947255858258115894
19209;8/4/2022, 5:00:00 PM;61334270.128483658424860189;78503.594488114965819843;78503.594488114965819843
19210;8/5/2022, 5:00:00 PM;30631774.187295410534561289;42926.512028494773843857;42926.512028494773843857
19211;8/6/2022, 5:00:00 PM;25626837.914864104612936693;31882.04250956806089181;31882.04250956806089181
19212;8/7/2022, 5:00:00 PM;49569857.18982208903700912;58686.593139095065420814;58686.593139095065420814
19213;8/8/2022, 5:00:00 PM;47322743.060462442320482815;59193.354609677335613827;59193.354609677335613827
19214;8/9/2022, 5:00:00 PM;64625969.218427364369325726;78213.951049007226327815;78213.951049007226327815
19215;8/10/2022, 5:00:00 PM;57388415.102217323105388913;69511.477887514594275261;69511.477887514594275261
19216;8/11/2022, 5:00:00 PM;37980606.999287999869783044;45705.91190044331172891;45705.91190044331172891
19217;8/12/2022, 5:00:00 PM;32160087.248043742109456772;37690.322116995336824845;37690.322116995336824845
19218;8/13/2022, 5:00:00 PM;36573657.19093908840381105;38159.179722279103800493;38159.179722279103800493
19219;8/14/2022, 5:00:00 PM;50831366.22548828491251734;62335.105589379417706717;62335.105589379417706717
19220;8/15/2022, 5:00:00 PM;45083607.182459686636635807;45098.802257320259350824;45098.802257320259350824
19221;8/16/2022, 5:00:00 PM;54280734.614766214410183303;57928.411515967296425846;57928.411515967296425846
19222;8/17/2022, 5:00:00 PM;39508321.43807966267365846;40755.862335642281681603;40755.862335642281681603
19223;8/18/2022, 5:00:00 PM;80924553.663356652880970754;87704.506320617572906311;87704.506320617572906311
19224;8/19/2022, 5:00:00 PM;49954596.774058980021341412;55283.948993163786353727;55283.948993163786353727
19225;8/20/2022, 5:00:00 PM;35306743.033162589913082687;34099.473684488157068817;34099.473684488157068817
19226;8/21/2022, 5:00:00 PM;53579074.599614891976593055;53064.648257776888964176;53064.648257776888964176
19227;8/22/2022, 5:00:00 PM;57241257.214991568658397313;65210.475889478137852633;65210.475889478137852633
19228;8/23/2022, 5:00:00 PM;46155348.596115132743985267;46761.989266108486484908;46761.989266108486484908
19229;8/24/2022, 5:00:00 PM;38870878.911169537062533159;36638.646391101579647384;36638.646391101579647384
19230;8/25/2022, 5:00:00 PM;76976292.524529062045151928;68996.388527246421824168;68996.388527246421824168
19231;8/26/2022, 5:00:00 PM;51620004.809538971439975379;46557.992622907417470733;46557.992622907417470733
19232;8/27/2022, 5:00:00 PM;42505015.327830687282510204;43816.807794618734282135;43816.807794618734282135
19233;8/28/2022, 5:00:00 PM;56293743.819457727122365128;58865.218654160067681142;58865.218654160067681142
19234;8/29/2022, 5:00:00 PM;73942945.965093978204580407;69970.328918021850111512;69970.328918021850111512
19235;8/30/2022, 5:00:00 PM;87265058.793392336781061651;77600.789184883950391383;77600.789184883950391383
19236;8/31/2022, 5:00:00 PM;72809807.281601664545563996;62502.874645313510958153;62502.874645313510958153
19237;9/1/2022, 5:00:00 PM;64788088.091029627297734663;64956.06268284443570942;64956.06268284443570942
19238;9/2/2022, 5:00:00 PM;28888521.77776377213998613;27830.578044918960885747;27830.578044918960885747
19239;9/3/2022, 5:00:00 PM;25236027.973710759801884536;24577.91888782503462706;24577.91888782503462706
19240;9/4/2022, 5:00:00 PM;32115596.749348896141379952;28458.408198126732667633;28458.408198126732667633
19241;9/5/2022, 5:00:00 PM;70888601.140117788938331267;74512.974575639677189759;74512.974575639677189759
19242;9/6/2022, 5:00:00 PM;47660282.980416548890928437;47806.870217425359659745;47806.870217425359659745
19243;9/7/2022, 5:00:00 PM;43257757.614770890808297521;40429.754689685693989957;40429.754689685693989957
19244;9/8/2022, 5:00:00 PM;47592592.69622929961524832;67532.170596745580151767;67532.170596745580151767
19245;9/9/2022, 5:00:00 PM;27624701.524240775517626172;38650.270197732757744197;38650.270197732757744197
19246;9/10/2022, 5:00:00 PM;26491437.41352103149831477;34837.447043204495113567;34837.447043204495113567
19247;9/11/2022, 5:00:00 PM;43251207.491526421075648501;44196.266006594376319834;44196.266006594376319834
19248;9/12/2022, 5:00:00 PM;56568947.643011625246984773;63368.445196239040569598;63368.445196239040569598
19249;9/13/2022, 5:00:00 PM;43989473.328957966097320234;43921.553453239502171673;43921.553453239502171673
19250;9/14/2022, 5:00:00 PM;75873939.176722939696239984;74665.654390762146840438;74665.654390762146840438
19251;9/15/2022, 5:00:00 PM;37607873.263641069877293845;34525.339295253974955164;34525.339295253974955164
19252;9/16/2022, 5:00:00 PM;24715957.984673769915933901;23207.529701531661255074;23207.529701531661255074
19253;9/17/2022, 5:00:00 PM;31948888.722411767425577569;36589.412471748374485933;36589.412471748374485933
19254;9/18/2022, 5:00:00 PM;55357109.506015544759862996;51186.384383656155818055;51186.384383656155818055
19255;9/19/2022, 5:00:00 PM;91352432.046029658288909683;47881.042813450555851938;47881.042813450555851938
19256;9/20/2022, 5:00:00 PM;83923301.929814380484229609;70744.271644480668266069;70744.271644480668266069
19257;9/21/2022, 5:00:00 PM;48797062.378893599510939459;44600.000015251237345231;44600.000015251237345231
19258;9/22/2022, 5:00:00 PM;55722235.145675147829232321;49804.027897815568125516;49804.027897815568125516
19259;9/23/2022, 5:00:00 PM;27404118.810953122763359037;25871.119240952281330026;25871.119240952281330026
19260;9/24/2022, 5:00:00 PM;28122580.396634464989838386;26499.463919979457108079;26499.463919979457108079
19261;9/25/2022, 5:00:00 PM;45267693.599218850045640045;39270.474991572120369253;39270.474991572120369253
19262;9/26/2022, 5:00:00 PM;55258977.452138859374302726;50248.425347341550226598;50248.425347341550226598
19263;9/27/2022, 5:00:00 PM;59366455.403259992080357975;54947.905887456169901816;54947.905887456169901816
19264;9/28/2022, 5:00:00 PM;55250074.339128945690073603;46371.686058352664780632;46371.686058352664780632
19265;9/29/2022, 5:00:00 PM;58623338.28172084829909986;51042.803650834662032893;51042.803650834662032893
19266;9/30/2022, 5:00:00 PM;18390027.537575239658578021;22308.72566961881960677;22308.72566961881960677
19267;10/1/2022, 5:00:00 PM;22193891.545690960331962327;21298.176213126331675875;21298.176213126331675875
19268;10/2/2022, 5:00:00 PM;28090735.038364537447339317;24620.395925798398276763;24620.395925798398276763
19269;10/3/2022, 5:00:00 PM;26107706.927149692585276285;22007.522505731334834679;22007.522505731334834679
19270;10/4/2022, 5:00:00 PM;30658705.98116168541280842;29509.008463524451968309;29509.008463524451968309
19271;10/5/2022, 5:00:00 PM;31191392.051367355142753682;27056.876848521514761329;27056.876848521514761329
19272;10/6/2022, 5:00:00 PM;19575399.945292885031473723;16524.411596654980236609;16524.411596654980236609
19273;10/7/2022, 5:00:00 PM;11079242.297141101685813347;8538.093160597345712613;8538.093160597345712613
19274;10/8/2022, 5:00:00 PM;7739176.877905773974686836;6903.103726880692445717;6903.103726880692445717
19275;10/9/2022, 5:00:00 PM;17916298.385660429462966272;15850.731445243185078007;15850.731445243185078007
19276;10/10/2022, 5:00:00 PM;18754091.65924395251438647;17388.29340517462693336;17388.29340517462693336
19277;10/11/2022, 5:00:00 PM;15164103.775221318053165662;11342.203382041867951451;11342.203382041867951451
19278;10/12/2022, 5:00:00 PM;39015992.090396528159763697;40224.907666108713588961;40224.907666108713588961
19279;10/13/2022, 5:00:00 PM;27653784.17379453967455859;21100.372058965669258143;21100.372058965669258143
19280;10/14/2022, 5:00:00 PM;11132506.31949092278035028;9379.256903055227486544;9379.256903055227486544
19281;10/15/2022, 5:00:00 PM;14078319.791558030656216651;12439.965006084338604833;12439.965006084338604833
19282;10/16/2022, 5:00:00 PM;18795522.332411944803671201;16305.979071610247633122;16305.979071610247633122
19283;10/17/2022, 5:00:00 PM;23565154.320265484426948151;21402.587794257270209987;21402.587794257270209987
19284;10/18/2022, 5:00:00 PM;14516829.538329503717527543;14524.179091111528945908;14524.179091111528945908
19285;10/19/2022, 5:00:00 PM;15472602.424677619219693145;13365.159541804851586035;13365.159541804851586035
19286;10/20/2022, 5:00:00 PM;27821697.675266085545158287;22371.473627448369663671;22371.473627448369663671
19287;10/21/2022, 5:00:00 PM;12935697.742365696197825864;11409.826792048952363894;11409.826792048952363894
19288;10/22/2022, 5:00:00 PM;19612038.480096076472505876;24425.681404656299075581;24425.681404656299075581
19289;10/23/2022, 5:00:00 PM;24448637.243869648406770163;26248.379149350131204876;26248.379149350131204876
19290;10/24/2022, 5:00:00 PM;49928519.971904093822576178;55353.952217983634177825;55353.952217983634177825
19291;10/25/2022, 5:00:00 PM;56803231.402693021342247259;62303.13662289429691164;62303.13662289429691164
19292;10/26/2022, 5:00:00 PM;50983990.046441349265125334;51477.884973474255334575;51477.884973474255334575
19293;10/27/2022, 5:00:00 PM;43459712.394962774721269046;47571.920916404164768851;47571.920916404164768851
19294;10/28/2022, 5:00:00 PM;45467964.890008675289196617;49545.157197145582180988;49545.157197145582180988
19295;10/29/2022, 5:00:00 PM;27363926.07849939907305971;31477.478282507784819283;31477.478282507784819283
19296;10/30/2022, 5:00:00 PM;44301820.729571179146180943;43287.516390851953739246;43287.516390851953739246
19297;10/31/2022, 5:00:00 PM;26610115.250837389748282112;26582.273707207111132949;26582.273707207111132949
19298;11/1/2022, 5:00:00 PM;50147598.224562976507921399;50750.116421169612248442;50750.116421169612248442
19299;11/2/2022, 5:00:00 PM;31468794.33307769391466954;36303.720148409626744847;36303.720148409626744847
19300;11/3/2022, 5:00:00 PM;49969017.209010890428403319;66399.934454192218046965;66399.934454192218046965
19301;11/4/2022, 5:00:00 PM;27749396.411328112799422456;42183.748247187381887552;42183.748247187381887552
19302;11/5/2022, 5:00:00 PM;30275230.633475319292944486;44611.264620522165120362;44611.264620522165120362
19303;11/6/2022, 4:00:00 PM;46371710.814569811362132905;62464.029525772621681708;62464.029525772621681708
19304;11/7/2022, 4:00:00 PM;148515646.478201195794775787;168060.435995727149862962;168060.435995727149862962
19305;11/8/2022, 4:00:00 PM;134765885.276557515679015947;137422.217640702065621566;137422.217640702065621566
19306;11/9/2022, 4:00:00 PM;87149621.03900025768825502;105701.822249650795197218;105701.822249650795197218
19307;11/10/2022, 4:00:00 PM;64098991.368404776933962217;75293.111734830012211861;75293.111734830012211861
19308;11/11/2022, 4:00:00 PM;28837889.559892769286686422;39967.688008024381138404;39967.688008024381138404
19309;11/12/2022, 4:00:00 PM;25137543.442081735048524762;33635.729368400106409622;33635.729368400106409622
19310;11/13/2022, 4:00:00 PM;40325280.597689549005382722;50306.6546971690930679;50306.6546971690930679
19311;11/14/2022, 4:00:00 PM;28168157.054559532242450956;35043.701474415058498373;35043.701474415058498373
19312;11/15/2022, 4:00:00 PM;27521155.769110705695413273;37669.675543723731086088;37669.675543723731086088
19313;11/16/2022, 4:00:00 PM;23683353.231312703028372874;36214.469254030079813493;36214.469254030079813493
19314;11/17/2022, 4:00:00 PM;18595576.543142915984291;35560.398168893839084596;35560.398168893839084596
19315;11/18/2022, 4:00:00 PM;21915492.913265940036440391;21451.918899184470020978;21451.918899184470020978
19316;11/19/2022, 4:00:00 PM;21365282.450750511861839203;23824.274986005780801774;23824.274986005780801774
19317;11/20/2022, 4:00:00 PM;35207464.67792527165346844;35355.193181058708267108;35355.193181058708267108
19318;11/21/2022, 4:00:00 PM;27103150.320539697925132102;30331.932890959983415573;30331.932890959983415573
19319;11/22/2022, 4:00:00 PM;29504031.011269273145608267;34722.859342011179540467;34722.859342011179540467
19320;11/23/2022, 4:00:00 PM;25491540.536320175839195976;31802.757039863257450806;31802.757039863257450806
19321;11/24/2022, 4:00:00 PM;17775031.599206844505980945;20754.060358301763787874;20754.060358301763787874
19322;11/25/2022, 4:00:00 PM;14017189.786492114240618643;15044.381260332729191508;15044.381260332729191508
19323;11/26/2022, 4:00:00 PM;12568318.647904123978602981;13041.470834993718119122;13041.470834993718119122
19324;11/27/2022, 4:00:00 PM;15901695.429970431592833295;17586.948585136296090724;17586.948585136296090724
19325;11/28/2022, 4:00:00 PM;15286474.351861610648312507;14631.366574888666952648;14631.366574888666952648
19326;11/29/2022, 4:00:00 PM;29677954.590853161825993708;38957.729939310693152959;38957.729939310693152959
19327;11/30/2022, 4:00:00 PM;25833836.169068780114438546;38069.360275615111128913;38069.360275615111128913
19328;12/1/2022, 4:00:00 PM;26624690.17475476916945405;37553.188093506709046163;37553.188093506709046163
19329;12/2/2022, 4:00:00 PM;15303680.308892985669037148;16281.283538460609653641;16281.283538460609653641
19330;12/3/2022, 4:00:00 PM;16862447.910669746479058291;16276.901049356630844113;16276.901049356630844113
19331;12/4/2022, 4:00:00 PM;16938636.118681437074385565;23771.192328309468565322;23771.192328309468565322
19332;12/5/2022, 4:00:00 PM;15101912.531151320116756667;21905.477197260898044964;21905.477197260898044964
19333;12/6/2022, 4:00:00 PM;18139185.643172867597633557;23610.973527921686779727;23610.973527921686779727
19334;12/7/2022, 4:00:00 PM;17038487.703969436218524911;23999.436248722426121042;23999.436248722426121042
19335;12/8/2022, 4:00:00 PM;16792355.21526714619663023;25569.554298508940501331;25569.554298508940501331
19336;12/9/2022, 4:00:00 PM;8875206.150733476582032588;12704.835456099873609212;12704.835456099873609212
19337;12/10/2022, 4:00:00 PM;9882765.221748502236778207;10954.015672436835732401;10954.015672436835732401
19338;12/11/2022, 4:00:00 PM;15908633.935663873288294432;20722.941687713132774827;20722.941687713132774827
19339;12/12/2022, 4:00:00 PM;29647703.712653994116414574;39387.580216347411161827;39387.580216347411161827
19340;12/13/2022, 4:00:00 PM;24376464.617955769542002512;31216.012232980931486598;31216.012232980931486598
19341;12/14/2022, 4:00:00 PM;17075931.407060197847215364;23305.117223532168271994;23305.117223532168271994
19342;12/15/2022, 4:00:00 PM;28880562.268763557540003438;35971.689939574663729982;35971.689939574663729982
19343;12/16/2022, 4:00:00 PM;16880664.74453607051311302;21070.593695815148397527;21070.593695815148397527
19344;12/17/2022, 4:00:00 PM;13787116.7755498606496361;18968.058288452202417309;18968.058288452202417309
19345;12/18/2022, 4:00:00 PM;15176261.106153232867122312;18811.367270475500905206;18811.367270475500905206
19346;12/19/2022, 4:00:00 PM;23151244.043608463524814755;23380.607725151601368834;23380.607725151601368834
19347;12/20/2022, 4:00:00 PM;11416597.537219388546571548;15383.687622288586913177;15383.687622288586913177
19348;12/21/2022, 4:00:00 PM;14400246.677663448074102339;16080.206646895657794557;16080.206646895657794557
19349;12/22/2022, 4:00:00 PM;11505948.031441648339844963;9584.567958493470203323;9584.567958493470203323
19350;12/23/2022, 4:00:00 PM;5541199.363848881167338928;6755.013678936862160269;6755.013678936862160269
19351;12/24/2022, 4:00:00 PM;9652936.218035404450212232;10845.246283696988042754;10845.246283696988042754
19352;12/25/2022, 4:00:00 PM;6805593.282951128492800902;7291.600821533696033946;7291.600821533696033946
19353;12/26/2022, 4:00:00 PM;11210625.76842852973202654;11367.839510931371893714;11367.839510931371893714
19354;12/27/2022, 4:00:00 PM;13958653.503583371412270948;14337.447204295948992269;14337.447204295948992269
19355;12/28/2022, 4:00:00 PM;10951969.775977380446524201;11685.256607217218012962;11685.256607217218012962
19356;12/29/2022, 4:00:00 PM;10889828.321693057078039137;8436.933946816246675739;8436.933946816246675739
19357;12/30/2022, 4:00:00 PM;7438003.8308835302938098;8164.784616203433424362;8164.784616203433424362
19358;12/31/2022, 4:00:00 PM;4565496.539051012689892191;4066.400780612974397195;4066.400780612974397195
19359;1/1/2023, 4:00:00 PM;13820271.520234369873486563;14540.72665993498135263;14540.72665993498135263
19360;1/2/2023, 4:00:00 PM;10025904.755133291820769091;12933.142869286330745067;12933.142869286330745067
19361;1/3/2023, 4:00:00 PM;28506624.843640358751794519;27382.046952116425854556;27382.046952116425854556
19362;1/4/2023, 4:00:00 PM;12987690.386952238247587575;14238.624984092873376538;14238.624984092873376538
19363;1/5/2023, 4:00:00 PM;19682085.004989701222724665;26308.62242612268829753;26308.62242612268829753
19364;1/6/2023, 4:00:00 PM;14864616.328043597164777981;24702.950336779775878663;24702.950336779775878663
19365;1/7/2023, 4:00:00 PM;24342350.931662700797902612;39203.131832613141038376;39203.131832613141038376
19366;1/8/2023, 4:00:00 PM;35308193.737109933681984378;53986.823542257352286709;53986.823542257352286709
19367;1/9/2023, 4:00:00 PM;19709603.069981555365375901;28224.051199697559660239;28224.051199697559660239
19368;1/10/2023, 4:00:00 PM;27687500.155477695375095984;38827.459915782350306633;38827.459915782350306633
19369;1/11/2023, 4:00:00 PM;52380468.718916553972670201;70998.996453724333397918;70998.996453724333397918
19370;1/12/2023, 4:00:00 PM;48645936.238191302542625134;75512.02745762178110004;75512.02745762178110004
19371;1/13/2023, 4:00:00 PM;70177174.851263484584836579;97555.031132566880557542;97555.031132566880557542
19372;1/14/2023, 4:00:00 PM;38177023.477732611890573068;55741.025524777452672479;55741.025524777452672479
19373;1/15/2023, 4:00:00 PM;45458589.823882022435102402;61084.44555828146653885;61084.44555828146653885
19374;1/16/2023, 4:00:00 PM;41461773.195509787145129041;51709.864021106313091457;51709.864021106313091457
19375;1/17/2023, 4:00:00 PM;54953221.171104453852786299;62044.951306193774697802;62044.951306193774697802
19376;1/18/2023, 4:00:00 PM;27672126.636967312359749499;32069.234320087743345275;32069.234320087743345275
19377;1/19/2023, 4:00:00 PM;45046427.13282070016078262;58062.471292721334362748;58062.471292721334362748
19378;1/20/2023, 4:00:00 PM;54371249.35134588639539553;83578.709376212936751469;83578.709376212936751469
19379;1/21/2023, 4:00:00 PM;39353024.901584007074984993;63542.993754593761142937;63542.993754593761142937
19380;1/22/2023, 4:00:00 PM;32979396.787028173600920905;45708.557094594385777752;45708.557094594385777752
19381;1/23/2023, 4:00:00 PM;44258894.837785106959617219;63801.510687663958839675;63801.510687663958839675
19382;1/24/2023, 4:00:00 PM;67181611.00772059628604139;113534.815745433031379016;113534.815745433031379016
19383;1/25/2023, 4:00:00 PM;45740990.81484467017525223;71165.98222228604307238;71165.98222228604307238
19384;1/26/2023, 4:00:00 PM;44541196.526553874167903851;68100.182263390188874401;68100.182263390188874401
19385;1/27/2023, 4:00:00 PM;25083242.368489169913939998;38435.527847418697309927;38435.527847418697309927
19386;1/28/2023, 4:00:00 PM;38764169.688836000439325954;53599.381283622786339985;53599.381283622786339985
19387;1/29/2023, 4:00:00 PM;40934196.250893772781218159;61115.207758311661308104;61115.207758311661308104
19388;1/30/2023, 4:00:00 PM;30648418.644651589063538414;44247.310043911509943977;44247.310043911509943977
19389;1/31/2023, 4:00:00 PM;70395636.40154915670042255;118235.510116677068392578;118235.510116677068392578
19390;2/1/2023, 4:00:00 PM;76649132.155310965324765765;121885.76842980788042409;121885.76842980788042409
19391;2/2/2023, 4:00:00 PM;63454959.665356518231894627;109594.282814687601559103;109594.282814687601559103
19392;2/3/2023, 4:00:00 PM;39628935.21283873265746529;73249.390597835341763767;73249.390597835341763767
19393;2/4/2023, 4:00:00 PM;42214077.045952830198690486;68493.949657522428238494;68493.949657522428238494
19394;2/5/2023, 4:00:00 PM;45804128.889220915959958672;75975.154288330868893435;75975.154288330868893435
19395;2/6/2023, 4:00:00 PM;54749371.217398704559016537;85384.94658395541219678;85384.94658395541219678
19396;2/7/2023, 4:00:00 PM;49546419.664521213755335383;86281.613072743816687459;86281.613072743816687459
19397;2/8/2023, 4:00:00 PM;76687675.349418922152884948;109723.752543297302942258;109723.752543297302942258
19398;2/9/2023, 4:00:00 PM;45993273.824042873915615713;72847.720675684305446116;72847.720675684305446116
19399;2/10/2023, 4:00:00 PM;23675687.317295736455437732;42558.666230491913392142;42558.666230491913392142
19400;2/11/2023, 4:00:00 PM;25196288.975184994614350526;39341.063073702351874559;39341.063073702351874559
19401;2/12/2023, 4:00:00 PM;35749589.505109684085576356;53452.438102400572173474;53452.438102400572173474
19402;2/13/2023, 4:00:00 PM;46017164.054720938034721361;69084.797470697593521108;69084.797470697593521108
19403;2/14/2023, 4:00:00 PM;42849705.465508911530882726;66094.22617327268887679;66094.22617327268887679
19404;2/15/2023, 4:00:00 PM;70400942.639521298956198774;112623.925222148730002414;112623.925222148730002414
19405;2/16/2023, 4:00:00 PM;51730624.360156271764032046;81465.960289578900116538;81465.960289578900116538
19406;2/17/2023, 4:00:00 PM;19563892.50594631077191986;35530.347831848507596885;35530.347831848507596885
19407;2/18/2023, 4:00:00 PM;31880762.897185188757579942;54999.281542283535565018;54999.281542283535565018
19408;2/19/2023, 4:00:00 PM;29972926.558622006531827999;49137.019207281851814063;49137.019207281851814063
19409;2/20/2023, 4:00:00 PM;34516604.792568721851297213;53688.485947078536613199;53688.485947078536613199
19410;2/21/2023, 4:00:00 PM;53921601.534481945349080064;96095.175250373554112314;96095.175250373554112314
19411;2/22/2023, 4:00:00 PM;76022341.430833643211866939;138234.876719580619057715;138234.876719580619057715
19412;2/23/2023, 4:00:00 PM;102950776.389906959027525815;246458.759105534581711458;246458.759105534581711458
19413;2/24/2023, 4:00:00 PM;46894639.275950737072729284;106974.859555709664437417;106974.859555709664437417
19414;2/25/2023, 4:00:00 PM;37596360.311010683274120264;80241.927854499953301642;80241.927854499953301642
19415;2/26/2023, 4:00:00 PM;43072077.462087002192444685;86549.460171776963645272;86549.460171776963645272
19416;2/27/2023, 4:00:00 PM;38018517.132868023383444407;71880.488240916360609049;71880.488240916360609049
19417;2/28/2023, 4:00:00 PM;34629499.327269856095072761;56613.587970710994310822;56613.587970710994310822
19418;3/1/2023, 4:00:00 PM;38307139.686765402894326844;65649.462087403945423483;65649.462087403945423483
19419;3/2/2023, 4:00:00 PM;45473467.335744405730604283;76017.510886641697261552;76017.510886641697261552
19420;3/3/2023, 4:00:00 PM;24054894.918573075116215503;45182.296588736092136823;45182.296588736092136823
19421;3/4/2023, 4:00:00 PM;31196712.120910350339517162;51744.169810356498432727;51744.169810356498432727
19422;3/5/2023, 4:00:00 PM;29540110.682644277270578348;54750.964527637137782647;54750.964527637137782647
19423;3/6/2023, 4:00:00 PM;36663713.916474569173617357;63170.136728218023624073;63170.136728218023624073
19424;3/7/2023, 4:00:00 PM;33353964.783197279432332594;54667.351711555421767008;54667.351711555421767008
19425;3/8/2023, 4:00:00 PM;48462783.066596322460832258;80201.200445086557004754;80201.200445086557004754
19426;3/9/2023, 4:00:00 PM;68488887.563756986211600596;91967.881822514289572614;91967.881822514289572614
19427;3/10/2023, 4:00:00 PM;124464902.130407496705130754;128109.662269826879685078;128109.662269826879685078
19428;3/11/2023, 4:00:00 PM;56403680.655319733626130713;64663.836750958681023021;64663.836750958681023021
19429;3/12/2023, 5:00:00 PM;94459145.996442910680771979;117731.910625170174186988;117731.910625170174186988
19430;3/13/2023, 5:00:00 PM;86354458.890588902080913646;98038.511600151377276321;98038.511600151377276321
19431;3/14/2023, 5:00:00 PM;66656943.132548714628922473;87466.054561366798740724;87466.054561366798740724
19432;3/15/2023, 5:00:00 PM;49696698.621054295098078866;79051.924775434714842164;79051.924775434714842164
19433;3/16/2023, 5:00:00 PM;53389529.96511745208465802;73615.3633163533047907;73615.3633163533047907
19434;3/17/2023, 5:00:00 PM;51250715.991008683194416623;71460.357364863853462868;71460.357364863853462868
19435;3/18/2023, 5:00:00 PM;37685032.442064819916701314;52466.478763835357208746;52466.478763835357208746
19436;3/19/2023, 5:00:00 PM;48634098.406252174308543407;75395.185739154972159454;75395.185739154972159454
19437;3/20/2023, 5:00:00 PM;40371416.268752737496520837;52322.819332129276526768;52322.819332129276526768
19438;3/21/2023, 5:00:00 PM;49801989.186958239447114804;65113.349107645602627883;65113.349107645602627883
19439;3/22/2023, 5:00:00 PM;39420674.605739602843970044;46735.677359730158908524;46735.677359730158908524
19440;3/23/2023, 5:00:00 PM;38340657.553351119147572376;42603.269783266614614411;42603.269783266614614411
19441;3/24/2023, 5:00:00 PM;17329189.231597237470611713;20326.321563091417016246;20326.321563091417016246
19442;3/25/2023, 5:00:00 PM;20448317.048099977971371078;21149.842409771756333675;21149.842409771756333675
19443;3/26/2023, 5:00:00 PM;24970369.85917165395522164;28594.985604157180115756;28594.985604157180115756
19444;3/27/2023, 5:00:00 PM;26255475.054688557039692877;25285.459846800536189811;25285.459846800536189811
19445;3/28/2023, 5:00:00 PM;23721011.278990085592252016;23305.127221708728024791;23305.127221708728024791
19446;3/29/2023, 5:00:00 PM;30413227.273261987347273374;34990.618018624136110979;34990.618018624136110979
19447;3/30/2023, 5:00:00 PM;28502793.37777546723907532;32871.13616514854071099;32871.13616514854071099
19448;3/31/2023, 5:00:00 PM;12228661.122279898333058866;14245.947554435502153266;14245.947554435502153266
19449;4/1/2023, 5:00:00 PM;16612269.529983508529153782;24851.561344893411988314;24851.561344893411988314
19450;4/2/2023, 5:00:00 PM;28870032.145805969894902137;31300.881611407577434563;31300.881611407577434563
19451;4/3/2023, 5:00:00 PM;26341788.748741795235965323;27243.057942823400645026;27243.057942823400645026
19452;4/4/2023, 5:00:00 PM;25006827.902314712485228887;32127.179020798432600148;32127.179020798432600148
19453;4/5/2023, 5:00:00 PM;18604473.639892535429577526;19606.639146334241264464;19606.639146334241264464
19454;4/6/2023, 5:00:00 PM;15243078.861744315919906048;16760.503663719967203877;16760.503663719967203877
19455;4/7/2023, 5:00:00 PM;11303815.620418954193816742;10320.562915537389674089;10320.562915537389674089
19456;4/8/2023, 5:00:00 PM;16602923.043460437147020663;12808.582374600175016595;12808.582374600175016595
19457;4/9/2023, 5:00:00 PM;22499446.328770259388701256;22138.141617753527571729;22138.141617753527571729
19458;4/10/2023, 5:00:00 PM;19105367.296300978669915877;18787.280765251630517153;18787.280765251630517153
19459;4/11/2023, 5:00:00 PM;27143457.500709305130695704;23357.598765465470777839;23357.598765465470777839
19460;4/12/2023, 5:00:00 PM;28202308.51303203589994418;25740.278169964001185396;25740.278169964001185396
19461;4/13/2023, 5:00:00 PM;48505905.337328432017395867;51330.661283337917846135;51330.661283337917846135
19462;4/14/2023, 5:00:00 PM;24190561.50819204910920806;29907.220701422962160931;29907.220701422962160931
19463;4/15/2023, 5:00:00 PM;21160221.640932707200312131;20858.282561257026530008;20858.282561257026530008
19464;4/16/2023, 5:00:00 PM;28209827.578459032308071824;33684.086477349559530018;33684.086477349559530018
19465;4/17/2023, 5:00:00 PM;29559008.785767679943857269;38311.270929352163776631;38311.270929352163776631
19466;4/18/2023, 5:00:00 PM;45116147.917933326234796576;54056.816414815047715571;54056.816414815047715571
19467;4/19/2023, 5:00:00 PM;44160970.18472783750437606;54188.711590140926310748;54188.711590140926310748
19468;4/20/2023, 5:00:00 PM;40366864.017327974283806519;36499.802642459312840376;36499.802642459312840376
19469;4/21/2023, 5:00:00 PM;15026420.393326312952593733;15263.189862892259321659;15263.189862892259321659
19470;4/22/2023, 5:00:00 PM;17844494.924192981368039873;15692.544340080403937478;15692.544340080403937478
19471;4/23/2023, 5:00:00 PM;23596304.697502179682758378;19976.372915857107913848;19976.372915857107913848
19472;4/24/2023, 5:00:00 PM;26512381.001240531120614622;20330.744402314949710568;20330.744402314949710568
19473;4/25/2023, 5:00:00 PM;38902811.603744269336144257;33815.640630780984306075;33815.640630780984306075
19474;4/26/2023, 5:00:00 PM;31950603.708812591634776864;22889.102625935660779146;22889.102625935660779146
19475;4/27/2023, 5:00:00 PM;15422860.451178930764644982;11381.824277461426306134;11381.824277461426306134
19476;4/28/2023, 5:00:00 PM;10081526.948149686128667523;7438.0880674027725718;7438.0880674027725718
19477;4/29/2023, 5:00:00 PM;17042464.342873946540085818;13992.779866399741652596;13992.779866399741652596
19478;4/30/2023, 5:00:00 PM;20806556.908419258726396885;17531.9442825956268789;17531.9442825956268789
19479;5/1/2023, 5:00:00 PM;17319039.278287812341136758;15401.466902829414470749;15401.466902829414470749
19480;5/2/2023, 5:00:00 PM;26757464.774300747496914081;26735.138004968774201274;26735.138004968774201274
19481;5/3/2023, 5:00:00 PM;19918895.524615793135854552;15856.783262687554835271;15856.783262687554835271
19482;5/4/2023, 5:00:00 PM;23887246.890411463744093319;20881.367639362265657925;20881.367639362265657925
19483;5/5/2023, 5:00:00 PM;24360669.542125201297696629;18129.785849979489406585;18129.785849979489406585
19484;5/6/2023, 5:00:00 PM;16162028.236929841771610165;12963.668621729690234387;12963.668621729690234387
19485;5/7/2023, 5:00:00 PM;31437150.56775972379750752;27379.918013891669703956;27379.918013891669703956
19486;5/8/2023, 5:00:00 PM;16943328.373616960260723146;14187.333239751195148781;14187.333239751195148781
19487;5/9/2023, 5:00:00 PM;30692329.360931430125635186;25671.733792419511450045;25671.733792419511450045
19488;5/10/2023, 5:00:00 PM;23174036.316267401658544015;19605.632364789976112875;19605.632364789976112875
19489;5/11/2023, 5:00:00 PM;30005911.917500921928958242;25530.967359530036654632;25530.967359530036654632
19490;5/12/2023, 5:00:00 PM;11376466.168407776507611943;8497.886312827255040943;8497.886312827255040943
19491;5/13/2023, 5:00:00 PM;10706843.524316774359350777;9981.558393793900423798;9981.558393793900423798
19492;5/14/2023, 5:00:00 PM;17275616.804388434521395299;16197.523872840077371115;16197.523872840077371115
19493;5/15/2023, 5:00:00 PM;14357716.043657372343830379;13841.149641242933795474;13841.149641242933795474
19494;5/16/2023, 5:00:00 PM;22994168.699105335080523295;29107.889829327734273096;29107.889829327734273096
19495;5/17/2023, 5:00:00 PM;20099404.61443247169503742;24601.636714375871859154;24601.636714375871859154
19496;5/18/2023, 5:00:00 PM;12441406.450935900394858539;13822.382892437346478768;13822.382892437346478768
19497;5/19/2023, 5:00:00 PM;8782684.784728147870090584;6658.132649662489481312;6658.132649662489481312
19498;5/20/2023, 5:00:00 PM;8116662.108041730537188249;8212.021750277294550812;8212.021750277294550812
19499;5/21/2023, 5:00:00 PM;11110738.134475561523230631;11607.729831357981241334;11607.729831357981241334
19500;5/22/2023, 5:00:00 PM;17947106.454369934123361498;17143.045940132196321535;17143.045940132196321535
19501;5/23/2023, 5:00:00 PM;19662255.941226983151435614;20874.704440147136870734;20874.704440147136870734
19502;5/24/2023, 5:00:00 PM;15670535.829654891374885451;13532.929211294487599271;13532.929211294487599271
19503;5/25/2023, 5:00:00 PM;11673010.888739986857191171;11125.123236439956396807;11125.123236439956396807
19504;5/26/2023, 5:00:00 PM;7142941.217825819017750975;6883.882898673077602923;6883.882898673077602923
19505;5/27/2023, 5:00:00 PM;17770360.171053852112312527;15171.189574893735529069;15171.189574893735529069
19506;5/28/2023, 5:00:00 PM;17079817.700566557410249634;37336.585824822355076613;37336.585824822355076613
19507;5/29/2023, 5:00:00 PM;17700894.501871505101605526;28886.235683816107848847;28886.235683816107848847
19508;5/30/2023, 5:00:00 PM;22088728.086237564552125157;26483.002761791854172761;26483.002761791854172761
19509;5/31/2023, 5:00:00 PM;18408120.285010951585759603;17317.48045187439838174;17317.48045187439838174
19510;6/1/2023, 5:00:00 PM;15262025.588903422824876081;15869.934026771801891045;15869.934026771801891045
19511;6/2/2023, 5:00:00 PM;8106949.78894797511084085;8689.08001191833610462;8689.08001191833610462
19512;6/3/2023, 5:00:00 PM;9577043.992730532421489206;10371.937351758985757115;10371.937351758985757115
19513;6/4/2023, 5:00:00 PM;29003463.450119134315437977;34033.256311997334789771;34033.256311997334789771
19514;6/5/2023, 5:00:00 PM;18015228.377053054375886551;22487.840458157807366015;22487.840458157807366015
19515;6/6/2023, 5:00:00 PM;15609624.496070028720913456;17893.654601431924079886;17893.654601431924079886