lp_addr,token_pair,fee_tier,during_last_ndays,num_trades,volume_usd,fees_usd,start_tvl_usd,current_tvl_usd,tvl_change_usd,fee_apr,volume_to_tvl
0xc7b825324a9dbbad0bae1ec4658eaeb6164bb4e8,COMBO-WETH,0.30%,44.1396,116,102002.44504161873,306.00733512485607,0.12981107518797178,183810.70135829516,183810.57154721997,70.36246326542782,0.5549320267419537
0x109830a1aaad605bbf02a9dfa7b0b92ec2fb7daa,WETH-wstETH,0.01%,50.5146,7953,8.937626391634512e+08,89376.26391634517,113.79038994600215,1.1445152675436929e+07,1.1445038885046983e+07,51.51161262775776,78.09093198744341
0x11950d141ecb863f01007add7d1a342041227b58,PEPE-WETH,0.30%,100.0889,356968,2.520496971193525e+09,7.561490913580565e+06,599692.3686039054,1.3720318436863124e+07,1.3120626068259219e+07,9.65463564804644,183.70542803303812
0x61f6cfa82ae17259fdee34a69ac34702b51b9c00,CREAM-WETH,1.00%,75.2174,1106,2.0708323028965897e+06,20708.3230289659,6317.914478340308,194697.97012576016,188380.05564741985,7.124258274279728,10.636126825354104
0xf18c97261e4152c173779f749bbebc9e856d1838,PMON-WETH,1.00%,42.4056,755,755008.9102644895,7550.089102644896,11650.422990104875,197342.2367652582,185691.8137751533,4.3289767998420245,3.825886047712051
0x755e5a186f0469583bd2e80d1216e02ab88ec6ca,ARB-WETH,1.00%,100.0326,9709,2.9692908749911655e+07,296929.08749911643,245156.33446875488,2.836960969319107e+06,2.591804634850352e+06,2.9078975526726616,10.4664495109491
0x57af956d3e2cca3b86f3d8c6772c03ddca3eaacb,PENDLE-WETH,0.30%,100.0681,7794,1.727854447067538e+07,51835.63341202611,44346.63757187442,318216.3332231096,273869.6956512352,2.8368270773524387,54.29810687486286
0x6c063a6e8cd45869b5eb75291e65a3de298f3aa8,INJ-WETH,0.30%,100.0451,7263,2.6888076842391096e+07,80664.23052717329,102592.31457211392,714281.7375363383,611689.4229642244,2.123606543176816,37.64351715771425
0xf239009a101b6b930a527deaab6961b6e7dec8a6,PEPE-WETH,1.00%,100.0569,47276,2.0310957636409634e+08,2.031095763640962e+06,2.8502153419134896e+06,6.5916429867482595e+06,3.74142764483477e+06,1.9690626746543083,30.81319433901757
0x508acdc358be2ed126b1441f0cff853dec49d40f,ACX-WETH,1.00%,99.8090,1443,1.0625490252052876e+06,10625.490252052865,18191.4315419908,121619.19438916844,103427.76284717763,1.682911952935987,8.736688567474342
0xcd4391c8a8a6b1bf2518a0b90e3dea212cbc2a75,ANT-WETH,1.00%,99.7257,916,3.311834381798073e+06,33118.34381798074,74761.0201150837,178688.203809455,103927.18369437131,1.3409742442173234,18.534152289815747
0xd2624380a006220574c9e75083490b042e71ee42,NRG-WETH,1.00%,99.4674,406,1.4361242640120017e+06,14361.242640120015,33065.164947716155,546129.8467487112,513064.681800995,1.3321415046698692,2.6296388534003716
0x19c10e1f20df3a8c2ac93a62d7fba719fa777026,DINO-WETH,1.00%,100.0701,16912,2.407377212790544e+07,240737.72127905439,631986.379769359,908894.2742718856,276907.8945025266,1.1799465645359475,26.486878407492352
0xe0f0e02a16b45f949b98856b61175e63ca5f6293,UNCX-WETH,0.30%,89.0972,314,910632.4120593439,2731.897236178033,8532.483109703197,1.3004191758417464e+06,1.291886692732043e+06,1.1372719969788725,0.700260676692884
0x4d1eff861316396dd1915f69b49f4c2d7b11590d,JASMY-WETH,1.00%,100.0410,5943,8.832015498201376e+06,88320.15498201373,328850.38422756735,440229.77391593915,111379.3896883718,0.8693402283612628,20.0622857005756
0x7f808fd904ffa3eb6a6f259e6965fb1466a05372,DXN-WETH,1.00%,100.0861,16764,3.0583999915194917e+07,305839.9991519495,1.1785023634819062e+06,446065.3373848252,-732437.026097081,0.8431271957517161,68.56394647138829
0x021ab4a498448d2612dfb4b93b9e4ed19729df54,HOP-WETH,0.30%,98.4535,889,911283.342888422,2733.8500286652657,10942.843908022114,141295.73722164295,130352.89331362084,0.8312018974067648,6.449475127893924
0x2a9d2ba41aba912316d16742f259412b681898db,WETH-XEN,1.00%,100.0833,31296,1.0101512612850465e+08,1.0101512612850458e+06,3.96460620575008e+06,2.167950183275542e+06,-1.7966560224745376e+06,0.8293816838909274,46.59476352721423
0xe936f0073549ad8b1fa53583600d629ba9375161,RNDR-WETH,1.00%,100.0840,8934,7.830987284703326e+07,783098.7284703325,3.1919011939962273e+06,4.236975177589659e+06,1.0450739835934313e+06,0.8017184092604357,18.482495073662996
0x4858c96a9024fbd7efbfe78aa5a8d62900952420,INJ-WETH,1.00%,99.9979,2097,7.510562938094101e+06,75105.62938094104,348674.5364170107,205801.70467604822,-142872.8317409625,0.7127220462837236,36.49417263047676
0xc1df8037881df17dc88998824b9aea81c71bbb1b,FORTH-WETH,1.00%,98.8174,1174,1.4972478297825109e+06,14972.478297825102,77571.76497965679,122419.79469211814,44848.02971246136,0.6511859806822962,12.230438986995862
0x5b7e3e37a1aa6369386e5939053779abd3597508,RIO-WETH,0.30%,100.0868,7937,9.591089624842003e+06,28773.26887452604,154090.9721257257,157545.88112897478,3454.9090032490785,0.625418379883228,60.878072826228106
0x82743c07bf3be4d55876f87bca6cce5f84429bd0,HEX-WETH,1.00%,100.0292,8701,2.6787351429337736e+07,267873.5142933772,1.469738669353632e+06,660251.7783478964,-809486.8910057356,0.6116213426756589,40.571418825051744
0x66ad25b5aa3543cb7f4566851fe26da6abab205e,WETH-XTP,1.00%,100.0396,5919,7.256904759111355e+06,72569.04759111362,409307.202549787,728976.4720501235,319669.2695003365,0.5962444236627773,9.954923152324152
0xc3f6b81fb9e6db259272026601689e383f94c0b0,OVR-WETH,1.00%,99.7979,3237,9.250148574406749e+06,92501.48574406744,645754.8263790456,2.7400611801137757e+06,2.09430635373473e+06,0.4889569642790248,3.375891254377997
0xf1b5cf831ced19136472b2b385f30384ce14a982,TAMA-WETH,1.00%,100.0563,3443,3.188229484634921e+06,31882.29484634923,231308.29903772677,696131.262458909,464822.9634211822,0.47161802404310116,4.57992573609365
0xec2061372a02d5e416f5d8905eea64cab2c10970,RSC-WETH,1.00%,98.6347,264,254366.591078854,2543.6659107885393,19869.08931052986,114920.61935240531,95051.53004187545,0.4443645078245395,2.213411244320187
0x81fbbc40cf075fd7de6afce1bc72eda1bb0e13aa,IMX-WETH,0.30%,100.0333,2255,5.907403835358111e+06,17722.211506074364,137699.3309028781,896848.472741894,759149.1418390159,0.44216766029674837,6.586847181996837
0x9e0905249ceefffb9605e034b534544684a58be6,HEX-WETH,0.30%,100.0889,74489,2.775979768801475e+08,832793.9306404418,7.428781963051819e+06,3.9710304259292544e+06,-3.457751537122565e+06,0.3880311866972386,69.9057793834927
0xe495bfa137b68a037b1f661ed47a44b4fb2a6563,PYR-WETH,1.00%,99.7972,2064,2.454480951797124e+06,24544.809517971255,223356.6517708266,238690.42312118184,15333.771350355237,0.38075294635845247,10.28311450330371
0x2a4d547ea2c35d03a501a8bb5d12d81d0a222dc5,GFI-WETH,1.00%,99.9743,1356,2.3772356304223347e+06,23772.35630422335,221444.9377772683,245423.81437646705,23978.87659919876,0.3723831078523754,9.686246774633622
0xd8857e7da2d6e05667c5b9218f97efaaa671f44a,SYN-WETH,0.30%,73.5771,564,1.838118038197845e+06,5514.354114593539,72503.59221350432,104443.75304473774,31940.160831233414,0.364056401904137,17.59911899575746
0x8fec7a391cd9838935f4d4fd516ba6a3b3d2cda7,MDT-WETH,0.30%,99.3840,1337,3.9090265182933295e+06,11727.079554879985,116570.84446815764,128610.34109143629,12039.496623278654,0.35354387243926144,30.394340650369504
0xa80838d2bb3d6ebaed1978fa23b38f91775d8378,WETH-ZERO,1.00%,99.9417,5869,1.848982923343071e+07,184898.29233430704,1.8874681279782723e+06,2.258517612825093e+06,371049.4848468206,0.3412695944312949,8.1867102246338
0xb42eede6ad429b38da26817aeb163f216e34b7f8,VEGA-WETH,0.30%,99.4833,2469,4.293311576650651e+06,12879.934729951952,140668.13758118893,140463.82202733913,-204.31555384979583,0.3231179779309612,30.565248152047463
0xb011e4eb4111ef00b620a5ed195836dcd69db1ff,BONE-WETH,0.30%,100.0889,18992,5.208957079166042e+07,156268.7123749813,1.7612716612505557e+06,1.957685936187392e+06,196414.27493683645,0.3104082925336116,26.60772590168638
0x3e6e23198679419cd73bb6376518dcc5168c8260,BTRFLY-WETH,1.00%,99.9201,1904,2.232266709011542e+06,22322.667090115414,253847.1184207282,148067.97106763785,-105779.14735309035,0.30776500809754026,15.075959324058251
0x16f60256a518e5d1dd9cf2cefc3d4a601c399574,WETH-ZZ,1.00%,99.9965,2492,3.4400696851374954e+06,34400.69685137494,417661.05569107644,152983.8499927937,-264677.20569828275,0.289006598021635,22.486489164049278
0xf8a95b2409c27678a6d18d950c5d913d5c38ab03,GALA-WETH,0.30%,25.3417,6832,2.3440194656169787e+07,70320.58396850935,3.482434300423104e+06,2.0274097053736453e+06,-1.4550245950494586e+06,0.28834511282889497,11.561646663741225
0x948b54a93f5ad1df6b8bff6dc249d99ca2eca052,FET-WETH,1.00%,100.0090,3686,9.3423512787385e+06,93423.51278738491,1.1604384671516595e+06,1.041633938893348e+06,-118804.52825831156,0.28273058701227094,8.968939019655979
0xbaec0e18c770993ffb1175fef493b5113cc6e32d,ILV-WETH,1.00%,100.0097,2671,4.777215329794918e+06,47772.1532979492,654473.1935064768,598399.50634709,-56073.68715938681,0.25724118117017136,7.98332097390466
0xc2fa5fd1c1ad37701ef1b26c5f0680ac807e3efd,GMT-WETH,1.00%,99.4681,466,843515.0458395579,8435.150458395578,119976.58169124002,366754.24626821175,246777.66457697173,0.25056589996177214,2.299946229450566
0x62979dff3b5eb032ecba1a5934d1fd4367bb695c,TSUKA-WETH,1.00%,99.4590,1599,1.0027178325769156e+06,10027.178325769168,146334.46260234306,117816.52144387929,-28517.94115846377,0.24441082674241388,8.510842285006268
0x3545d371334f4374872e915caf5ec36c0d83b93e,CGG-WETH,1.00%,68.9118,170,113581.75699156555,1135.817569915655,24417.35558738794,365827.09834936704,341409.7427619791,0.2407151786396955,0.3104793425748201
0xede8dd046586d22625ae7ff2708f879ef7bdb8cf,SNX-WETH,0.30%,100.0514,5018,3.0887169999967873e+07,92661.50999990354,1.469376583658881e+06,1.3596629027110557e+06,-109713.68094782531,0.2232775195749992,22.716785122533977
0x2ca1d6950182d28434f89a719ed9e915b8c417b5,DBI-WETH,1.00%,99.8493,3416,4.8108804292223295e+06,48108.80429222327,773604.8810489234,474567.4044883847,-299037.47656053863,0.22027373587477528,10.137401734130432
0xc7cf089fb4bc91f1981df2285ca019ab09a5dd3b,PRO-WETH,1.00%,99.3632,717,1.4537798032251848e+06,14537.798032251847,244002.8081640807,233196.04328176126,-10806.764882319432,0.21341129568645423,6.23415295888465
0xe931b03260b2854e77e8da8378a1bc017b13cb97,1INCH-WETH,1.00%,99.0826,2418,1.4886851535188116e+07,148868.51535188121,2.5042803826598213e+06,2.2443512395254094e+06,-259929.1431344119,0.21294189853612977,6.633031084000956
0x59b4bb1f5d943cf71a10df63f6b743ee4a4489ee,WETH-XMON,1.00%,99.9257,3370,5.577823867817417e+06,55778.23867817421,946900.8660598625,839128.9216968104,-107771.94436305214,0.20897264280623995,6.647159600384703
0x98409d8ca9629fbe01ab1b914ebf304175e384c8,VRA-WETH,0.30%,100.0819,14826,2.393439503757581e+07,71803.18511272749,1.2510121006017458e+06,1.1926245412170077e+06,-58387.559384738095,0.20376099365923883,20.06867560611496
0xb4ecce46b8d4e4abfd03c9b806276a6735c9c092,BUMP-WETH,1.00%,99.4514,844,958819.5367019492,9588.195367019494,171007.0144822593,206446.4864015102,35439.47191925088,0.20116704465348745,4.644397458221577
0x0e2c4be9f3408e5b1ff631576d946eb8c224b5ed,GRT-WETH,0.30%,100.0750,5211,2.092794616927595e+07,62783.83850782776,1.1276390451492127e+06,964141.6549499047,-163497.39019930805,0.19781971923439667,21.70629809616859
0xed4cb3766090ce8a6b0894ee82ba11ba5c504209,WAS-WETH,1.00%,100.0278,1605,1.584588687587536e+06,15845.88687587534,289464.64814838575,250934.3753677904,-38530.27278059535,0.1945830883044708,6.3147533504129525
0xe11ee9c18d03b43d6a7fc53e51aedda8451e837a,PLU-WETH,0.30%,99.8868,4191,6.500651253906866e+06,19501.953761720593,357575.45705711504,356068.2369940877,-1507.2200630273437,0.1938814090943619,18.256756931719256
0x87b1d1b59725209879cc5c5adeb99d8bc9eccf12,CRO-WETH,1.00%,100.0486,1762,5.582308531902729e+06,55823.08531902724,1.0395196979115404e+06,966630.3338948665,-72889.36401667388,0.19097626398036582,5.7750189872583455
0x11b815efb8f581194ae79006d24e0d814b7697f6,USDT-WETH,0.05%,100.0882,387514,6.591214630888447e+09,3.2956073154442236e+06,6.182346758329785e+07,1.030073627535899e+08,4.118389517029205e+07,0.1896101162074315,63.98780101433805
0xa3a9a863ed908aa95cb17e1781aa97e6693bf604,RSR-WETH,1.00%,99.6743,1561,1.8652315782086062e+06,18652.315782086058,357037.2910640237,244221.61286985228,-112815.6781941714,0.18591648636417824,7.637454999540125
0xac4b3dacb91461209ae9d41ec517c2b9cb1b7daf,APE-WETH,0.30%,100.0771,31315,2.923518716705087e+08,877055.6150115266,1.724613514142033e+07,1.2971174180917101e+07,-4.27496096050323e+06,0.1811006330430387,22.538581904220372
0xa6cc3c2531fdaa6ae1a3ca84c2855806728693e8,LINK-WETH,0.30%,100.0819,22942,5.000311061852099e+08,1.5000933185556303e+06,2.9597597806187205e+07,3.2094900448980533e+07,2.4973026427933276e+06,0.18050197902746645,15.579768099922333
0x0318170609141bfdb38d20d1f1c5b5197670ecee,SOV-WETH,1.00%,99.6889,6240,1.6162843864305552e+07,161628.43864305553,3.260796830293646e+06,997272.2348078033,-2.263524595485843e+06,0.17662187466639168,16.20705289907173
0x4ff7e1e713e30b0d1fb9cd00477cef399ff9d493,BUSD-WETH,1.00%,100.0028,1865,836533.341757407,8365.33341757406,170035.2078305413,179016.67954526472,8981.471714723419,0.17533602729682296,4.672935191750598
0xa3f558aebaecaf0e11ca4b2199cc5ed341edfd74,LDO-WETH,0.30%,100.0639,15567,3.110019854219982e+08,933005.9562659956,1.9149138694033105e+07,1.6097178810913857e+07,-3.051959883119248e+06,0.1736840620262703,19.32027898026078
0x4b9d0663acb7a774c327b679d423993c2a11a263,SDAO-WETH,1.00%,99.7382,872,773192.2803782745,7731.922803782748,159184.66786765584,131339.38971695508,-27845.27815070076,0.17315789302557172,5.886979390147572
0xcbbe436425a115dd0d38c576f4cc78bc2a3fb740,MTRM-WETH,1.00%,99.9986,869,784367.3538564899,7843.673538564901,177171.45823195664,145914.24464871775,-31257.21358323889,0.1581510147456633,5.375536540279672
0x71c1d309dea75c5a2feea55dbee68aac6768c12e,OMI-WETH,0.30%,100.0736,4661,4.061571108450137e+06,12184.713325350403,278094.5919383916,295640.61162036227,17546.019681970647,0.15655383720141636,13.738204254785124
0x9410cf01dcdccdb9b56e285b39cea375e5e90883,WETH-XI,1.00%,100.0597,1642,931551.6960287248,9315.516960287252,213248.4978543947,149073.0087930091,-64175.4890613856,0.15609504925344075,6.248962864378777
0xf7849d0852fc588210b9c0d8b26f43c0c9bc1470,HOT-WETH,1.00%,99.9319,1297,2.776911747462636e+06,27769.117474626408,655960.802306052,606805.7196174378,-49155.082688614144,0.15136749875344524,4.5762781359631
0x74092c7c0024feeb3839bed5ab6189eed86ae856,BADGER-WETH,1.00%,94.9868,48,29745.086005067602,297.45086005067594,7680.905403788085,199540.141313538,191859.23590974993,0.14564479948834141,0.14906818151606427
0x5aaa28ca43c6646fd1403e508f0fca1d92357dde,LCX-WETH,1.00%,99.9215,3517,1.0571541438423242e+07,105715.41438423244,2.6047144602589845e+06,2.353110423116591e+06,-251604.03714239364,0.1452411853941704,4.492581960697664
0x283e2e83b7f3e297c4b7c02114ab0196b001a109,OCEAN-WETH,0.30%,100.0347,3480,9.326264109656174e+06,27978.792328968513,689635.3748070019,767026.289810336,77390.91500333406,0.14518585384051264,12.158988855469735
0x0ce2f0a319fe761e8ca975414558c12900c717c2,GETH-WETH,1.00%,99.4986,1831,1.197424864262476e+06,11974.248642624765,298562.8353985834,181995.5263725915,-116567.30902599188,0.1449927096950343,6.5794192205089725
0xeb4626c5149894022c2066120ea7f20f217995fb,ACH-WETH,1.00%,99.9569,1631,1.972162065644207e+06,19721.62065644207,492586.5447149309,284789.7934404316,-207796.7512744993,0.14331310807024877,6.924974528824596
0x2418c488bc4b0c3cf1edfc7f6b572847f12ed24f,LYXE-WETH,1.00%,99.9000,1716,2.129115788019077e+06,21291.157880190767,537592.1780904301,334569.66713951447,-203022.51095091563,0.14179539911499783,6.363744227689483
0x824a30f2984f9013f2c8d0a29c0a3cc5fd5c0673,BLUR-WETH,0.30%,99.9292,10900,8.576504454034258e+07,257295.13362102784,6.547877104281341e+06,3.2559281347009577e+06,-3.291948969580383e+06,0.14070561580953544,26.34119703880372
0xe3baa96ad46457d9e6cdd4e32abc11e2c124ec49,MATIC-WETH,0.05%,100.0521,1605,6.127710084726688e+06,3063.855042363347,79096.53010090116,3.5465140866146516e+06,3.4674175565137505e+06,0.13874186292394008,1.7278121375166833
0xc1409a2c5673299fb15da5f03c27eb1ac88f7d8c,CQT-WETH,1.00%,100.0458,637,688858.3595866482,6888.5835958664775,179435.1401399348,150641.98039504292,-28793.15974489189,0.13752799021919393,4.572818000534704
0x88395224c3709be9a700624bd9246459585c56b0,FUND-WETH,1.00%,100.0764,4570,3.6228254607923245e+06,36228.2546079233,944361.8606664188,1.408850771521871e+06,464488.9108554522,0.13743058796034546,2.5714756552100053
0x4b62fa30fea125e43780dc425c2be5acb4ba743b,TONCOIN-WETH,1.00%,99.9118,2158,1.2434714438355992e+07,124347.14438355983,3.279867786694113e+06,1.9993275656350963e+06,-1.2805402210590169e+06,0.13584628782561503,6.219448304563361
0x12cc685eeb95d3fcdfae0a996e214e51fa6f7548,SKL-WETH,1.00%,100.0014,1344,2.0462765211601194e+06,20462.765211601178,544520.9943857096,440196.47494000243,-104324.5194457072,0.13467512026445028,4.648552720552843
0x919fa96e88d67499339577fa202345436bcdaf79,CRV-WETH,0.30%,100.0847,10058,5.305225757405303e+07,159156.77272215913,4.260468586090477e+06,1.0253432174311748e+07,5.992963588221271e+06,0.13389115225657888,5.174097479960569
0x8df016708a66377dae191ca6f9fff4705a3d951f,NMR-WETH,1.00%,99.9757,1142,3.395144061837687e+06,33951.44061837686,914114.2917080733,791751.2963304004,-122362.99537767295,0.1331333081534758,4.288144620126877
0xb003df4b243f938132e8cadbeb237abc5a889fb4,EUL-WETH,1.00%,99.7833,1275,1.9392102471014948e+06,19392.10247101495,524125.39194267825,468304.9986713672,-55820.39327131107,0.13263202708879596,4.1409129789416035
0xfd76be67fff3bac84e3d5444167bbc018f5968b6,IMX-WETH,1.00%,100.0306,2692,1.3013989683056924e+07,130139.89683056918,3.5274721225542827e+06,3.07915001583675e+06,-448322.1067175325,0.13225972982077838,4.226487704763683
0x0a61a26c0dc08f4ed68a00966cc5a0ca60918ea3,ALI-WETH,1.00%,99.9694,2328,2.191564466540442e+06,21915.6446654044,595575.7748647558,395212.85552567756,-200362.91933907825,0.13192222907690954,5.545276262902467
0x2f62f2b4c5fcd7570a709dec05d68ea19c82a9ec,SHIB-WETH,0.30%,100.0854,17471,7.497662124323528e+07,224929.86372970574,6.193113267085226e+06,5.376994972123918e+06,-816118.2949613081,0.13023826355192947,13.943963427888317
0xbe6a94f7db00bb309a7bd16b084b45115b070510,MILADY-WETH,1.00%,98.1764,626,692553.5726481943,6925.535726481946,197355.48451415848,136342.8884029393,-61012.59611121917,0.12842887247931034,5.079499053896118
0xe8b977aa5a9303fa94818441d78575e0f697ae72,UOS-WETH,1.00%,100.0167,1196,771248.6855487989,7712.486855487996,219815.68746629998,148939.37178243796,-70876.31568386202,0.12589072492423248,5.1782727180788335
0x01949723055a451229c7ba3a817937c966748f76,CTSI-WETH,1.00%,100.0014,1548,2.8406233279107288e+06,28406.23327910727,816877.1113715598,537517.1704146933,-279359.9409568665,0.12479008478121223,5.284711790172571
0xd1be0ff5b53cf07243c62a8196ea0308190902a5,MASK-WETH,1.00%,98.2431,660,454552.3627409223,4545.523627409222,134801.60856449665,107155.83603009628,-27645.77253440037,0.12349061563045383,4.2419748618568445
0x99a6880748ceb61c3d9b6d4cd49edb59f79f405d,AGIX-WETH,0.30%,100.0639,4905,1.5529893126666084e+07,46589.6793799983,1.358906588615034e+06,4.655422818351827e+06,3.296516229736793e+06,0.12306245512207825,3.335871677529857
0xe2c5d82523e0e767b83d78e2bfc6fcd74d1432ef,TRIBE-WETH,1.00%,99.1931,564,755320.9938403766,7553.209938403763,223011.36406923574,228839.53197880212,5828.167909566371,0.12281148562061528,3.3006578335003045
0xcbea4f3f88a80160d4c242616fc1354da97ba037,NTX-WETH,1.00%,99.9847,846,447647.2008751962,4476.472008751964,131580.9996503352,133962.26977598324,2381.270125648036,0.12213027755974215,3.341591640868498
0x3782a3425cd093d5cd0c5b684be72641e199029c,BYTES-WETH,1.00%,99.6660,2755,3.522882890281196e+06,35228.82890281196,1.0510930056186134e+06,904896.8486697453,-146196.15694886819,0.12034918834948671,3.8931320132897507
0x80c7770b4399ae22149db17e97f9fc8a10ca5100,LYXE-WETH,0.30%,100.0771,6970,3.1699681521368288e+07,95099.04456410474,2.9494119083783235e+06,1.679103451407215e+06,-1.2703084569711084e+06,0.11584924876716918,18.878932977477692
0xc3881fbb90daf3066da30016d578ed024027317c,GLQ-WETH,1.00%,100.0535,1746,1.867299032572273e+06,18672.99032572273,579449.7474472964,389996.37373247615,-189453.37371482025,0.11578554986232281,4.787990756686304
0x7c46e694d1ee0e577e64933d98dcbff3fdaca2d3,BOOP-WETH,1.00%,100.0340,3229,1.0070074121329421e+06,10070.074121329424,321177.7740787058,128170.99470715856,-193006.77937154725,0.1127005537488257,7.85674960574133
0x04dd76803f247b611d4f470fc6cd206a9d02f869,EFI-WETH,0.30%,99.6771,1528,2.4461663287553675e+06,7338.4989862661005,239410.0310954128,182197.25474079716,-57212.776354615635,0.11021753963787684,13.425923086686486
0x60594a405d53811d3bc4766596efd80fd545a270,DAI-WETH,0.05%,100.0861,57567,9.875833119544451e+08,493791.6559772222,1.6441763610325085e+07,1.946613399041859e+07,3.0243703800935056e+06,0.10802172384634101,50.733407693615106
0xa4bd201c839755948e4eaec754214f2b8a6e5955,PAINT-WETH,1.00%,99.9590,1327,1.805696791797423e+06,18056.967917974245,601928.8055044372,308049.86865400005,-293878.93685043714,0.10790029722293704,5.8617028459946265
0x4b1f895066058662b9fa885e87a4e4159be0798a,NMR-WETH,0.30%,99.8472,934,1.1864739958428314e+06,3559.4219875284934,122914.97932880031,106558.16875860376,-16356.810570196554,0.10421155226911782,11.134519386595903
0xf9d29c7c0691ca27f076828b4c1de6f6b14c0bda,UBT-WETH,1.00%,99.6965,1075,1.3036231847875812e+06,13036.231847875828,456905.0644343027,355078.8537089004,-101826.21072540228,0.1026968014661589,3.6713624908125713
0x24ee2c6b9597f035088cda8575e9d5e15a84b9df,QNT-WETH,0.30%,100.0778,8092,4.040313810249994e+07,121209.41430749984,4.249300065017134e+06,4.819227877172672e+06,569927.8121555382,0.10267181621519628,8.38373680022027
0x2b43fe4f41d871fbc75af6e0ce85bce38ff1edc7,COVAL-WETH,1.00%,99.7576,1911,2.434818269201547e+06,24348.182692015485,855690.740253279,626996.072368741,-228694.66788453795,0.10242282292768468,3.8833070516741808
0x99132b53ab44694eeb372e87bced3929e4ab8456,AGIX-WETH,1.00%,99.9229,3287,2.6495376029039774e+07,264953.760290398,9.466038503259547e+06,1.8847682188261827e+06,-7.581270284433365e+06,0.10077351588274941,14.057630940711036
0xd1d5a4c0ea98971894772dcd6d2f1dc71083c44e,LQTY-WETH,0.30%,99.9271,7754,4.341529001374214e+07,130245.87004122639,4.65483338616436e+06,2.684612441324915e+06,-1.970220944839445e+06,0.10074101751690767,16.17190226247918
0xe42318ea3b998e8355a3da364eb9d48ec725eb45,RPL-WETH,0.30%,100.0757,11617,1.1814380671775873e+08,354431.4201532763,1.2733867844974019e+07,1.1900052296811897e+07,-833815.5481621213,0.10021881867403937,9.92800735417022
0x36bcf57291a291a6e0e0bff7b12b69b556bcd9ed,ICE-WETH,0.30%,99.9528,2735,4.47439542246919e+06,13423.186267407584,483414.8286101271,466342.9282113223,-17071.900398804806,0.09998319010552925,9.59464623947643
0x02469e30dd450de2e9de00d49d679f1d1d774ada,GET-WETH,1.00%,99.5660,940,2.252965154222023e+06,22529.65154222025,831573.7879066695,980048.3648588943,148474.5769522247,0.09758584486322497,2.2988305832706546
0xb29148f6ea9f2d78ba9b2d6b30af37afdcc31a9e,STORJ-WETH,1.00%,98.7333,361,343151.616937776,3431.516169377761,133287.11172796672,120511.03637229383,-12776.075355672889,0.09372089389644067,2.847470466337044
0xca2fa1290aabb3835aac559fa832132d3c3b26d1,VEST-WETH,1.00%,23.9944,5,3834.108598183815,38.34108598183815,6299.891891301525,,,0.0923627719450193,0.6085991100065858
0x117439f6fdde9a09d28eb78759cd5c852a8653f0,AST-WETH,0.30%,99.5000,1332,1.711162958969448e+06,5133.488876908344,202977.327923902,196272.32664058826,-6705.00128331373,0.09208719871390825,8.718309851713894
0x6ce6d6d40a4c4088309293b0582372a2e6bb632e,STG-WETH,0.30%,100.0458,8257,2.3593571701823277e+06,7078.07151054699,277761.4818444078,260161.2130037173,-17600.268840690493,0.0918575455578452,9.068827527909074
0xc0793782d11dd9bf7b3a7a5a74614f1debe1da2e,POW-WETH,1.00%,99.9292,769,576101.7592190359,5761.017592190363,227632.88146720518,229844.95679197978,2212.0753247746034,0.09123737636619444,2.5064798778266617
0x88e6a0c2ddd26feeb64f039a2c41296fcb3f5640,USDC-WETH,0.05%,100.0889,422847,2.1703059976059433e+10,1.0851529988029711e+07,4.2938519156328e+08,4.186196955305816e+08,-1.0765496032698393e+07,0.09110875257767881,51.84433558137245
0xbed8674cf009214a1209e61133215e5f81487fd9,TAIL-WETH,1.00%,92.8215,225,49631.622116463084,496.3162211646309,21252.451393173462,,,0.0910118083142808,2.335336343006781
0x2dd35b4da6534230ff53048f7477f17f7f4e7a70,SYN-WETH,1.00%,100.0417,1493,3.906412135935148e+06,39064.12135935148,1.575537097675426e+06,644962.7748624666,-930574.3228129593,0.08940592481980314,6.0568024825435245
0x3012e36cc30eb7ed916b8d4b82750b39551874dc,LYRA-WETH,1.00%,99.9326,759,2.7501567443167544e+06,27501.567443167547,1.1120987695008498e+06,909126.5803945326,-202972.18910631712,0.08917530335252111,3.025053720377719
0x122e55503a0b2e5cd528effa44d0b2fea300f24b,WETH-WOO,0.30%,100.0708,2720,8.086817264110006e+06,24260.45179233004,986749.1658209218,956585.3710103792,-30163.794810542604,0.08866511659840315,8.45383748192639
0x2dd31cc03ed996a99fbfdffa07f8f4604b1a2ec1,GEL-WETH,1.00%,100.0250,718,2.7584311082067275e+06,27584.311082067285,1.1357569082967201e+06,1.0201801127027548e+06,-115576.79559396533,0.08759926133131701,2.7038667720142464
0xd8de6af55f618a7bc69835d55ddc6582220c36c0,DYDX-WETH,0.30%,100.0861,4798,3.4038719706558354e+07,102116.15911967504,4.223270999116035e+06,3.3938501137259803e+06,-829420.8853900549,0.08721514748678771,10.029529462392352
0x77924185cf0cbb2ae0b746a0086a065d6875b0a5,WETH-XDEFI,1.00%,99.3021,1080,1.7465949775859078e+06,17465.94977585909,745221.6582614838,492251.03543864307,-252970.6228228407,0.08541447273200165,3.5481793878392223
0xe758dce2d3d90bdfee45bdd38d4a47862916ba57,VY-WETH,1.00%,13.8903,3,139.3239023077815,1.393239023077815,431.9442308394662,,,0.08463971494910183,0.3225506728889772
0x5ecef3b72cb00dbd8396ebaec66e0f87e9596e97,FOLD-WETH,1.00%,99.3708,730,938667.3771269205,9386.673771269192,409465.10153146693,317243.2987810982,-92221.80275036872,0.08356564128692123,2.9588249168175893
0x19a573b228468f3bf917389f4e2d4f2997610f71,PRE-WETH,1.00%,100.0590,688,656099.9684162557,6560.999684162554,285830.92365903856,196865.63937387796,-88965.2842851606,0.08284485661097962,3.3327297262384192
0x8c13148228765ba9e84eaf940b0416a5e349a5e7,INDEX-WETH,1.00%,98.1806,1110,1.628398345187183e+06,16283.983451871823,725489.3238960485,697588.6369835605,-27900.68691248796,0.08264999370243609,2.334324641852729
0x3688ec45e6c03e78954f96a17d3dc4d7c4794ca4,UNIDX-WETH,1.00%,83.2174,1495,3.9876120396113275e+06,39876.12039611325,2.1088506004188806e+06,466546.21391150204,-1.6423043865073784e+06,0.08205706389992962,8.547089057221944
0xaf9060d26826964c1b9329582e23b4adbf7679e3,JPEG-WETH,1.00%,100.0500,1052,2.5456206026003626e+06,25456.206026003645,1.1229830613910565e+06,980703.2444636395,-142279.81692741707,0.08182490414003651,2.5957093717912585
0x8661ae7918c0115af9e3691662f605e9c550ddc9,MANA-WETH,0.30%,99.9181,3985,8.531850396891322e+06,25595.55119067399,1.1335117906409898e+06,944113.907554753,-189397.88308623678,0.08151207857046261,9.036886681384392
0x8db1b906d47dfc1d84a87fc49bd0522e285b98b9,agEUR-WETH,0.05%,99.7368,3254,2.518715936503759e+07,12593.579682518814,559610.454329792,2.3711732985874997e+06,1.8115628442577077e+06,0.08123871697046092,10.622234730815121
0x2f60777945fc351abf9e9e733bc5a52809269dd7,WAIT-WETH,1.00%,76.9528,175,55451.09703075912,554.5109703075913,33382.18304371336,,,0.07818002798905654,1.6610985853785212
0xa424cea71c4aea3d11877240b2f221c027c0e0be,ALEPH-WETH,0.30%,100.0347,1051,3.0562928213050305e+06,9168.87846391508,428012.1748806947,347211.5979633327,-80800.57691736199,0.07737278873019782,8.802392659786065
0xb1914469141ebb6e244e75cee3f35d43bf6b85e5,TRAC-WETH,0.30%,99.7299,1636,3.5602077015991607e+06,10680.623104797496,504724.1247653059,395936.8102366341,-108787.31452867179,0.07644089315388847,8.9918583207037
0x7b12d855445073987d45ea97b1af3554f05e4ef4,WETH-WOOL,1.00%,100.0549,3925,2.2136733864768804e+06,22136.733864768823,1.0492366511051299e+06,1.2802438167981976e+06,231007.1656930677,0.07621434210095535,1.7291029704116256
0x058d79a4c6eb5b11d0248993ffa1faa168ddd3c0,WETH-wNXM,1.00%,99.9743,1462,1.1120155417268777e+07,111201.55417268796,5.376493288918301e+06,6.705115831770141e+06,1.3286225428518392e+06,0.07473018578977086,1.6584583616854645
0xc5af84701f98fa483ece78af83f11b6c38aca71d,USDT-WETH,1.00%,100.0292,3255,3.895898958223833e+07,389589.89582238306,1.958200294696637e+07,2.5261183844654366e+07,5.679180897687998e+06,0.07191200499514161,1.5422471813601333
0xefbd546647fda46067225bd0221e08ba91071584,RVP-WETH,1.00%,99.9514,1477,1.5735541682537936e+06,15735.541682537942,793833.3825216908,728618.1952731063,-65215.187248584465,0.07165040011313795,2.1596416044262825
0xcf15ad9be9d33384b74b94d63d06b4a9bd82f640,RPL-WETH,1.00%,99.4514,1064,1.0050149231497973e+07,100501.4923149797,5.136237575329406e+06,3.3269328771452573e+06,-1.8093046981841489e+06,0.07144460427308874,3.02084520566634
0xdadcf64babfb566785f1e9dfc4889c5e593dddc7,SETH2-WETH,0.05%,99.6000,887,1.0706996854286328e+07,5353.498427143166,279291.26505115174,264469.66875495197,-14821.596296199772,0.06930825657392337,40.48478188327541
0xc246467ab1466f4963ba45c335479b3055e82060,LEASH-WETH,1.00%,99.5924,1707,1.6986617461897787e+06,16986.61746189777,897160.0996971874,940776.8714403997,43616.771743212244,0.06846856218020059,1.805594714067535
0x70bb8e6844dfb681810fd557dd741bcaf027bf94,OGN-WETH,0.30%,99.9590,2739,9.112379230154162e+06,27337.13769046246,1.4779989070847626e+06,1.4267286577193546e+06,-51270.24936540797,0.06689995677988336,6.386904181710646
0xfe4ec8f377be9e1e95a49d4e0d20f52d07b1ff0d,GLM-WETH,0.30%,91.3861,292,1.060198089964723e+06,3180.594269894169,188554.6092365625,183181.04002758852,-5373.56920897399,0.06655683451717742,5.787706466810368
0x4b4a52e0d0601e1f639441206967fc98ff21ec79,MCB-WETH,1.00%,99.8236,608,1.136577789015561e+06,11365.777890155603,619154.8995800362,448108.33159117925,-171046.56798885693,0.06640124442025996,2.5363906646852756
0x5ab53ee1d50eef2c1dd3d5402789cd27bb52c1bb,AAVE-WETH,0.30%,100.0500,4607,2.2616267814783394e+07,67848.80344435011,3.704511820109181e+06,2.2415302898556218e+06,-1.4629815302535594e+06,0.0662516066212282,10.089655231132353
0xaafa7b5366e97c82bfa5fe1ed0ba01743585e6e4,OATH-WETH,1.00%,57.1590,28,55223.34835746555,552.2334835746553,53174.79404641754,,,0.06599965478486514,1.038524912936377
0x1becf1ac50f31c3441181563f9d350ddf72a2bfa,SMT-WETH,0.30%,99.8854,2544,2.0556137211079276e+06,6166.841163323792,338809.47362948593,211900.6643189023,-126908.80931058363,0.06584404404627042,9.70083660527986
0xdc2c21f1b54ddaf39e944689a8f90cb844135cc9,BAL-WETH,0.30%,99.8722,1006,786305.9482991003,2358.9178448972984,129717.69688737454,114512.16870623047,-15205.528181144065,0.06578492109977963,6.866571100546437
0x3afdc5e6dfc0b0a507a8e023c9dce2cafc310316,MKR-WETH,1.00%,91.6069,694,9.047411611057315e+06,90474.11611057314,5.7236183576615695e+06,1.1143792388623212e+07,5.420174030961642e+06,0.06240222582299282,0.8118790529778616
0x7bea39867e4169dbe237d55c8242a8f2fcdcc387,USDC-WETH,1.00%,100.0257,1128,2.9580200179664165e+07,295802.00179664127,1.7468306977287717e+07,1.8994319225775912e+07,1.5260122484881952e+06,0.06129544640734452,1.5573182606893785
0x700f4dc28170f9903faa6da32d6663ff1ac94f27,BLOOD-WETH,1.00%,99.9542,488,251739.52749718243,2517.3952749718237,150909.31850202742,158722.6082291705,7813.28972714307,0.06039023631512763,1.5860344679676013
0x290a6a7460b308ee3f19023d2d00de604bcf5b42,MATIC-WETH,0.30%,100.0535,32394,2.7870534351668143e+08,836116.0305500441,5.100621374729898e+07,2.512991330731492e+07,-2.5876300439984057e+07,0.059352106823877815,11.09058117743505
0x9127c5c988917b879b3b9bc87d11ee2c9bdeda73,FUSE-WETH,0.30%,99.2042,427,1.0725467001247786e+06,3217.640100374336,198285.2911610542,279159.03364434704,80873.74248329285,0.05934667416119144,3.8420633791533314
0xcd8286b48936cdac20518247dbd310ab681a9fbf,FXS-WETH,1.00%,99.4785,1373,1.0239500845309177e+07,102395.00845309184,6.315214106185367e+06,3.812478028466882e+06,-2.502736077718485e+06,0.059298396348689275,2.6857861917769017
0x52414c8b908e9a75c3c8704b2ae5e39ab7156c05,REEF-WETH,1.00%,99.1736,473,503377.74624938535,5033.777462493854,313698.2404761863,258840.92323598947,-54857.31724019686,0.05869075429182358,1.9447378720344297
0x531b6a4b3f962208ea8ed5268c642c84bb29be0b,GLM-WETH,1.00%,99.1424,1181,4.168749050187826e+06,41687.49050187822,2.5983212763617053e+06,3.3646765261016395e+06,766355.2497399342,0.05868149986080651,1.2389746883091304
0xa34f0d0314db32f41e1194816d56d55d1f7ca7b5,PRQ-WETH,1.00%,98.6424,661,399384.8727404547,3993.8487274045465,249431.21388339295,212053.06817156431,-37378.145711828634,0.05856470247947332,1.8834194486510665
0xe1d92f1de49caec73514f696fea2a7d5441498e5,LRC-WETH,0.30%,99.6931,1001,1.792375390327077e+06,5377.126170981232,332586.2016098378,230561.52951881842,-102024.6720910194,0.058544535092022176,7.7739568872038705
0x666ed8c2151f00e7e58b4d941f65a9df68d2245b,WETH-WOOF,1.00%,100.0701,2137,4.554108252419881e+06,45541.08252419878,2.8204629343041996e+06,2.47989499139136e+06,-340567.9429128398,0.058469281650471716,1.8364117304276546
0x78d4704c65dfd869f7f44d78c3fbbbdb5b412c71,HDRN-WETH,0.30%,99.9653,2461,1.3564910992000357e+06,4069.473297600111,253113.6120454148,133195.7632692625,-119917.8487761523,0.05822133337540669,10.184191042607075
0x840deeef2f115cf50da625f7368c24af6fe74410,cbETH-WETH,0.05%,100.0833,27488,5.464561871124302e+08,273228.0935562151,1.701531761436647e+07,9.176947678416999e+06,-7.838369935949473e+06,0.058149897735052525,59.54661683400734
0x5b97b125cf8af96834f2d08c8f1291bd47724939,SAND-WETH,1.00%,99.8361,1650,5.367142643491412e+06,53671.426434914174,3.3850716533625647e+06,2.996309150956187e+06,-388762.5024063778,0.05742247221495966,1.7912512938722096
0x3b685307c8611afb2a9e83ebc8743dc20480716e,FTM-WETH,1.00%,99.5431,2287,1.2938253425921598e+07,129382.53425921606,8.251288594461523e+06,6.235966835593496e+06,-2.0153217588680265e+06,0.05679336944252267,2.074779062658409
0x2837809fd68e4a4104af76bbec5b622b6146b2cb,RAIL-WETH,1.00%,99.2514,427,2.615124550723299e+06,26151.24550723298,1.6862211710209998e+06,1.2281170875720899e+06,-458104.0834489099,0.05673874203499962,2.129377220777243
0x4be410e2ff6a5f1718ada572afa9e8d26537242b,AURA-WETH,0.30%,99.0465,2984,4.541526956025912e+06,13624.580868077759,880477.6481307719,367874.86100043333,-512602.7871303386,0.05661272294759767,12.345303899470757
0x8b6ed5fa776f10787f1171bdeea4f3c40974df6e,DENT-WETH,1.00%,100.0236,781,398662.8449177052,3986.62844917705,257077.66411978443,216457.06264913944,-40620.60147064499,0.05617225350388,1.8417640895548306
0x1fc037ac35af9b940e28e97c2faf39526fbb4556,THEO-WETH,1.00%,99.8403,1104,1.3869613176256113e+06,13869.613176256114,902406.6974005266,409887.49786710634,-492519.19953342027,0.05567647616269822,3.383760970614653
0xaff1025438da93bd86427f2f9f7d06088f720a8d,CELR-WETH,1.00%,98.6903,698,661285.0890597213,6612.850890597209,436743.6263402491,339868.8169193648,-96874.8094208843,0.055404115276299626,1.9457068614112185
0x06b1655b9d560de112759b4f0bf57d6f005e72fe,GTC-WETH,1.00%,100.0340,11280,2.39454280063557e+06,23945.428006355705,1.602346329270671e+06,1.3545929267871233e+06,-247753.40248354757,0.054145986725959716,1.7677213229771107
0x8d132e304d697dbec65fc41fdab9cf6404e0dd1c,HOP-WETH,1.00%,99.9465,796,715418.2968292672,7154.182968292664,481016.612974063,277170.5243834125,-203846.08859065053,0.053890856616335414,2.581148548969163
0xaff587846a44aa086a6555ff69055d3380fd379a,0xBTC-WETH,1.00%,96.2389,350,219209.72504583423,2192.0972504583424,153775.53225213583,104460.07187754755,-49315.46037458828,0.053734536414321576,2.098502529299434
0xce962bde59c01a493f94b21560e48d7191d3bf96,BOND-WETH,1.00%,99.1375,206,240458.99366355402,2404.589936635542,163870.01836050066,115204.90869472262,-48665.10966577804,0.05370573375710119,2.0872287161021736
0x959c7d5706ac0b5a29f506a1019ba7f2a1c70c70,SHI-WETH,0.30%,100.0694,6555,1.1161629650826775e+07,33484.88895248034,2.260126273148358e+06,1.6771668994976676e+06,-582959.3736506903,0.0536838310287302,6.655050045508185
0x83695f776f5c8de31690e8a54e242a4567ba7a4b,COTI-WETH,1.00%,99.7750,288,263021.62467050424,2630.2162467050434,178255.42414890212,133915.518556879,-44339.90559202313,0.05346737002217328,1.964086220214941
0xb9abcf33069f2df034f3219b2ff10beca3321364,PILOT-WETH,1.00%,100.0167,795,1.1494087924338088e+06,11494.087924338084,788094.1812757412,610520.6537538087,-177573.5275219325,0.05285337928886524,1.8826697923594011
0x13dc0a39dc00f394e030b97b0b569dedbe634c0d,ANKR-WETH,0.30%,99.6083,1346,919727.5060481136,2759.182518144339,190119.41705450046,182630.31434495124,-7489.102709549217,0.05259513407985361,5.036006806136997
0x39c9e3128b8736e02a30b2b9b7e50ff522b935c5,FXS-WETH,0.30%,100.0222,1669,3.3127115710369977e+06,9938.134713111,686915.6439592978,255255.72717424732,-431659.9167850505,0.05243275390502622,12.978010749101093
0x498498fa386ef2860e7abf8c60254580c8c41ec5,DC-WETH,1.00%,100.0417,4462,4.595008750893429e+06,45950.087508934266,3.214606241269374e+06,1.727727634002032e+06,-1.4868786072673418e+06,0.05180797727680653,2.6595677816703978
0x0a55882f4e1117adc54afbbac4a39079ad52fb89,SSV-WETH,0.30%,99.8632,2461,7.709924405395718e+06,23129.773216187165,1.6380665852572238e+06,1.4329281293802802e+06,-205138.45587694366,0.05118171899654689,5.380538107469594
0x9663f2ca0454accad3e094448ea6f77443880454,LUSD-WETH,0.30%,99.3410,1311,2.981051126836224e+06,8943.153380508667,640259.1396711799,199097.80856189525,-441161.33110928466,0.05114037903534041,14.972797281741446
0x2a0330c7e979a4d18e5b0c987b877da24dd37d04,AIOZ-WETH,1.00%,98.7903,653,746607.7260346343,7466.077260346342,547777.9491396393,486897.20372503775,-60880.74541460152,0.04991014969104368,1.5333990836724154
0x14424eeecbff345b38187d0b8b749e56faa68539,WETH-ZRX,0.30%,99.8917,1680,3.8958809672387727e+06,11687.642901716325,851282.1033351775,742222.3556122066,-109059.7477229709,0.04977502735741046,5.248940479602418
0x4585fe77225b41b697c938b018e2ac67ac5a20c0,WBTC-WETH,0.05%,100.0847,55188,2.957248634797665e+09,1.4786243173988333e+06,1.1275399104224291e+08,1.1136503513022456e+08,-1.3889559120183587e+06,0.04755704996944221,26.554552165673996
0xb386c1d831eed803f5e8f274a59c91c4c22eeac0,FLOOR-WETH,1.00%,99.9688,444,2.4609159225559575e+06,24609.15922555958,1.9380808190742196e+06,1.8087545955993603e+06,-129326.22347485926,0.046057712547517005,1.360558214222805
0x4628a0a564debfc8798eb55db5c91f2200486c24,RNDR-WETH,0.30%,100.0146,1497,1.112709582105483e+06,3338.128746316448,265719.89970692026,268739.6951619812,3019.7954550609575,0.04557064953529255,4.140473484703493
0x1d42064fc4beb5f8aaf85f4617ae8b3b5b8bd801,UNI-WETH,0.30%,100.0333,11382,1.5143638799103382e+08,454309.1639731013,3.62166544481105e+07,3.666502225000164e+07,448367.80189114064,0.045504389686867874,4.130268542003328
0x1c90843ff6f3472002650f8f7616f4d99f4ecd45,Silo-WETH,1.00%,99.8451,327,219926.14788153963,2199.261478815398,176285.5930524515,152451.4209206717,-23834.172131779807,0.045256897447959465,1.4425982162277025
0xcbbc981bd5b358d09a9346726115d3ac8822d00b,VXV-WETH,1.00%,99.8715,1876,1.6295439816189301e+06,16295.43981618932,1.3184915828069616e+06,1.2737659714920914e+06,-44725.611314870184,0.04483717332583237,1.2793119129333308
0xf5e4a4480f5e73cfe697384525d6f4a07617ac71,MUSE-WETH,1.00%,97.2708,656,543646.7061365298,5436.467061365298,455848.8474464,215986.90607235208,-239861.9413740479,0.04457338108048825,2.5170354815602436
0x5598931bfbb43eec686fa4b5b92b5152ebadc2f6,COMP-WETH,1.00%,92.1882,377,198678.7287945426,1986.787287945427,175736.7394598815,223022.9538891054,47286.21442922391,0.044318834108904026,0.8908443069646205
0xa80964c5bbd1a0e95777094420555fead1a26c1e,DAI-WETH,1.00%,99.9500,608,1.3714482250037324e+06,13714.482250037343,1.13075773004096e+06,1.0886079374014e+06,-42149.792639560066,0.04400564804830975,1.2598183219915668
0xb71008f10b4b126c43fad95257aa29c6e3b8ca37,DOP-WETH,1.00%,97.7563,412,919452.5598886953,9194.525598886956,789067.9822224634,272858.89574093994,-516209.0864815234,0.04313358116666777,3.369699776113035
0x4e68ccd3e89f51c3074ca5072bbac773960dfa36,USDT-WETH,0.30%,100.0736,34398,5.258602293915852e+08,1.5775806881747544e+06,1.3277814886764708e+08,1.3134162594560906e+08,-1.4365229220380187e+06,0.04311378670711297,4.0037590946936605
0xb2db69d6986fbf38de781ba606923f8ae8d7f437,FPIS-WETH,1.00%,99.3188,788,1.7255901330884874e+06,17255.90133088486,1.4712223076188057e+06,1.1445127194059254e+06,-326709.5882128803,0.042989719331102405,1.5077072572720538
0xe8c6c9227491c0a8156a0106a0204d881bb7e531,MKR-WETH,0.30%,99.9500,9019,1.0309477788780354e+08,309284.33366341045,2.618642113411096e+07,2.7809357655553073e+07,1.6229365214421116e+06,0.04285958592731065,3.7071973817136046
0xde2af72e916dc56f9a65f3c9766262c00c030c98,CEL-WETH,1.00%,11.1271,26,16826.64921807597,168.2664921807597,131517.66187929414,114059.89832126745,-17457.763558026694,0.04195786716833627,0.14752467313867926
0xbcdb9c58973b3d9b6b02282524dfc8ce63619696,MDX-WETH,1.00%,91.3819,67,19233.487039114807,192.33487039114803,18318.691292848634,,,0.04155637626789721,1.049937832983915
0x9a3b86971cdae2555e1a2a616293dbdfdec48a48,NATION-WETH,1.00%,95.0063,42,46873.20054033106,468.7320054033106,43066.62864038886,,,0.04148946383198293,1.0883879704568356
0x157dfa656fdf0d18e1ba94075a53600d81cb3a97,UMA-WETH,0.30%,99.2021,1064,2.1397608747715396e+06,6419.282624314617,571008.4827920471,484652.71342133713,-86355.76937070995,0.04121477000610385,4.415039502546475
0xa87998484c19d68807debdc280e18424d55743a9,CHI-WETH,1.00%,93.7236,56,11402.131574513818,114.02131574513821,10961.567340184934,,,0.0404170916892177,1.0401917189993244
0xea4ba4ce14fdd287f380b55419b1c5b6c3f22ab6,COMP-WETH,0.30%,100.0431,2360,3.6237004312342885e+06,10871.10129370287,978675.3591434478,1.131241460684806e+06,152566.10154135828,0.040322807707743324,3.2032952797191965
0xf4ad61db72f114be877e87d62dc5e7bd52df4d9b,LDO-WETH,1.00%,99.9611,1308,8.10996232868605e+06,81099.62328686051,7.324944969664184e+06,6.534950262934081e+06,-789994.7067301031,0.04019185704014494,1.2410136270945107
0x3429e990337542434f6bfac5a4d9f14ed285ac7a,WETH-WRAB,1.00%,96.8688,69,4736.954081605054,47.36954081605054,4409.36939621466,,,0.040174849487926156,1.0742928650231975
0xc2e9f25be6257c210d7adf0d4cd6e3e881ba25f8,DAI-WETH,0.30%,99.9875,6097,1.5419470747000322e+08,462584.12241000973,4.185557628949359e+07,4.7216867228461504e+07,5.361290938967913e+06,0.04012039634968212,3.265670014148193
0x8ea48337c6c6677b0973437f2685d17717c0408e,VEE-WETH,1.00%,99.2521,194,141091.17368183905,1410.911736818391,129129.39500780005,118546.41570095877,-10582.979306841284,0.04006368648301728,1.1901766312171844
0x4006bed7bf103d70a1c6b7f1cef4ad059193dc25,GAMMA-WETH,0.30%,99.8458,1691,6.232829658814021e+06,18698.48897644205,1.6947340647863178e+06,1.0986142118935094e+06,-596119.8528928084,0.040053155745949365,5.673356116585701
0x97a5a0b2d7ed3accb7fd6404a1f5ca29320905af,TORN-WETH,1.00%,73.2514,1092,1.0538925508211174e+06,10538.925508211181,1.3570887824056097e+06,1.2348127235397007e+06,-122276.058865909,0.03868509087543659,0.8534837151661674
0xa0b30e46f6aeb8f5a849241d703254bb4a719d92,OGV-WETH,0.30%,99.9139,1436,3.2444055559007255e+06,9733.216667702172,932655.6235282137,134791.37913026128,-797864.2443979525,0.037896065784690514,24.069829812820288
0x92560c178ce069cc014138ed3c2f5221ba71f58a,ENS-WETH,0.30%,100.0354,4542,2.1778684274044275e+07,65336.05282213281,6.464975400145397e+06,5.167405886598391e+06,-1.2975695135470051e+06,0.036704167490508866,4.214626207421996
0x5f0c055ab5d3861c6677ecf7c0be3a69d39ebff8,SPANK-WETH,1.00%,85.8924,30,10358.826590019871,103.58826590019872,12067.75343139039,,,0.036190883307848365,0.8583889825818537
0x2e8daf55f212be91d3fa882cceab193a08fddeb2,WETH-YFI,1.00%,99.0167,856,5.348964313236548e+06,53489.64313236546,5.517664369825432e+06,3.618207206666389e+06,-1.899457163159043e+06,0.03556748781750385,1.4783465975584025
0xad6d2f2cb7bf2c55c7493fd650d3a66a4c72c483,PAPER-WETH,1.00%,99.6347,378,396849.32051512046,3968.493205151203,405352.06167026085,455964.2714777086,50612.20980744774,0.035562310840677736,0.8703517914440843
0xc75a99fa00803896349891f8471da3614bd07564,SOCKS-WETH,1.00%,96.9521,174,358396.3710705161,3583.963710705161,386223.2628225896,377612.72456665424,-8610.53825593536,0.03472711064395839,0.9491109482123764
0x82c427adfdf2d245ec51d8046b41c4ee87f0d29c,oSQTH-WETH,0.30%,99.9785,2408,8.42242725351064e+06,25267.281760531943,2.644612620439766e+06,2.154822434995789e+06,-489790.1854439769,0.0347091120865084,3.9086409704691505
0x9f41a3ac0c16a9feb5400751a34c609211839cfa,MPL-WETH,1.00%,100.0493,375,498274.84416467603,4982.748441646761,521761.5308266706,602619.0053321967,80857.47450552613,0.03469324228929205,0.8268488709379479
0xe16be1798f860bc1eb0feb64cd67ca00ae9b6e58,ENJ-WETH,0.30%,99.8597,1717,2.680733641949221e+06,8042.200925847654,845789.7605442749,695768.9341617574,-150020.82638251758,0.034543735353987914,3.8529079272257145
0x11b7a6bc0259ed6cf9db8f499988f9ecc7167bf5,KP3R-WETH,1.00%,99.9271,345,1.3247491299123326e+06,13247.491299123332,1.396944641989668e+06,1.4629903979532039e+06,66045.75596353598,0.03445217535349099,0.9055077406972202
0x052cea5c8bc91e204bf1e686bb91f25f66d831b1,SHI-WETH,1.00%,99.9222,619,145230.16182259316,1452.3016182259319,154488.1268749003,108082.04268796582,-46406.08418693449,0.03415399451359491,1.3437029705468688
0xb03f87e577c4fe4685cf2c88a8473414bb1d04f1,FX-WETH,0.30%,99.4354,1176,6.551671518227791e+06,19655.014554683374,2.153472809240504e+06,1.9171279660484218e+06,-236344.84319208236,0.033496058672131124,3.4174408981848385
0xcbcdf9626bc03e24f779434178a73a0b4bad62ed,WBTC-WETH,0.30%,100.0611,17363,9.083830121261493e+08,2.7251490363784465e+06,2.9804340560626286e+08,2.763337052476107e+08,-2.1709700358652174e+07,0.033223502549456496,3.2872682371923707
0x8ad599c3a0ff1de082011efddc58f1908eb6e6d8,USDC-WETH,0.30%,100.0715,22968,9.790191576827763e+08,2.937057473048334e+06,3.235463577463063e+08,2.861341533493147e+08,-3.741220439699161e+07,0.03298561873802286,3.421538974718556
0xd050430dd432876cf5622ff60c4dc106b64fa753,PUNDIX-WETH,0.30%,99.7681,1309,3.7678875007774723e+06,11303.662502332412,1.2535750945618185e+06,1.1428372644249639e+06,-110737.83013685467,0.03276653019142928,3.2969589092576035
0xf359492d26764481002ed88bd2acae83ca50b5c9,TEL-WETH,0.30%,99.9799,1497,562469.4742967847,1687.408422890354,190011.58511406954,170646.56914888386,-19365.01596518568,0.0322723733106578,3.2961077219551216
0x75ea68f3c8c59bbc032dfce2db0705e2c6efad0b,PDT-WETH,1.00%,99.5521,413,918601.1393048809,9186.01139304881,1.0358909901419003e+06,969868.3830089985,-66022.60713290179,0.03222600216159277,0.9471399989913457
0x53bbdf4ea397d17a6f904dc882b3fb78a6875a66,WALLET-WETH,1.00%,99.6486,232,231210.59816467096,2312.1059816467086,262433.34677949274,188289.96977621526,-74143.37700327748,0.0320180215646515,1.2279496270537795
0x2e4784446a0a06df3d1a040b03e1680ee266c35a,CVX-WETH,1.00%,99.9667,1839,2.538190462147683e+06,25381.904621476806,2.984125654632531e+06,2.1169039582677614e+06,-867221.6963647697,0.030915615232389726,1.1990106836139394
0x4c54ff7f1c424ff5487a32aad0b48b19cbaf087f,NEXO-WETH,0.30%,100.0535,2773,1.0252618531140644e+07,30757.85559342191,3.6909021956700054e+06,2.4995913507586895e+06,-1.191310844911316e+06,0.03029221801729931,4.101717878015826
0xfba31f01058db09573a383f26a088f23774d4e5d,GHST-WETH,1.00%,98.8792,297,216663.3953817116,2166.6339538171164,264302.0125558214,250306.30118201894,-13995.711373802449,0.03009838474720916,0.8655930528259346
0xdf19389d0b2bee33230d73f07c8e0e2c4e78fb59,PEPES-WETH,1.00%,97.7139,2856,3.0926968217253163e+06,30926.968217253176,3.815165417568641e+06,794548.5237657984,-3.020616893802842e+06,0.030059416411790663,3.892395151736411
0x286eb8405231a2201fcb75b6e33098a546216c86,T-WETH,1.00%,98.6833,151,69929.52542716447,699.2952542716448,86141.23046167163,124622.05129460021,38480.820832928584,0.02980743539406583,0.5611328388573432
0xcdff6ddfc9e4807c9927fd58708c2ef3484cc305,AVT-WETH,0.30%,99.5861,429,720330.0319308717,2160.990095792614,274118.57332576904,299879.9608755378,25761.387549768784,0.02866275719528688,2.4020612441984324
0xbc844c2ecd719b8a9df3ede6a28c6bb06322b176,MYST-WETH,1.00%,99.7500,180,237689.25410973805,2376.8925410973793,302562.7887120112,311984.8428592243,9422.054147213115,0.028562983450536317,0.7618615440782476
0x4b5ab61593a2401b1075b90c04cbcdd3f87ce011,LOOKS-WETH,0.30%,100.0764,6520,2.9038601701533757e+07,87115.80510460126,1.1136993120731223e+07,8.80818426661254e+06,-2.3288088541186824e+06,0.0284410566990434,3.296775001813336
0x03bc32cbaf0516945db77a32f2479379585aa17b,KNIGHT-WETH,1.00%,99.8743,1736,4.041491492647829e+06,40414.91492647832,5.283835566716804e+06,5.780464209079372e+06,496628.6423625676,0.02781289155475708,0.6991638294896559
0x489cebe6cd5dc5dcb7047a1f0d4f358a5d2fb295,IOTX-WETH,0.30%,100.0132,860,2.8601162514902237e+06,8580.348754470677,1.131672698019563e+06,950465.7225460241,-181206.97547353886,0.027570975646278306,3.009173485845229
0x99c7550be72f05ec31c446cd536f8a29c89fdb77,MATIC-WETH,1.00%,98.7819,728,255567.01512802532,2555.670151280253,344489.97648384795,284967.6528362964,-59522.32364755153,0.027249131551392303,0.8968281578079296
0x63818bbdd21e69be108a23ac1e84cbf66399bd7d,stETH-WETH,1.00%,96.6778,144,352707.8883588466,3527.0788835884673,486251.2653594997,465807.0456591669,-20444.219700332847,0.027172545225382372,0.7571974096263983
0x1a80afe14143637c0b7609e6e276464e4f748014,BANK-WETH,1.00%,99.2493,494,250936.12213807568,2509.361221380758,350556.4489107375,291556.0305485339,-59000.418362203636,0.02629573600847368,0.8606788947769803
0xa4e0faa58465a2d369aa21b3e42d43374c6f9613,rETH-WETH,0.05%,100.0097,7240,9.240288180290493e+07,46201.4409014525,6.478596863198079e+06,4.240675379041002e+06,-2.237921484157077e+06,0.02593814286133478,21.789661679739602
0xc2d80b4753f163a11d0c3bafdd25686f19f8940a,UJENNY-WETH,0.30%,5.4146,2,120.4356603,0.3613069809,944.1027193417356,,,0.025795807148227823,0.12756626777218938
0xd04d14d2f9122372e41d2de9a82f721e9ea2f069,RSS3-WETH,0.30%,99.6104,900,1.1995788600121944e+06,3598.7365800365824,513804.3240415784,437825.532053719,-75978.79198785941,0.025476738151100076,2.7398558836559856
0xc1cd3d0913f4633b43fcddbcd7342bc9b71c676f,INST-WETH,1.00%,99.7604,480,3.9056498411187315e+06,39056.49841118736,5.667529255182741e+06,5.581448003823458e+06,-86081.251359283,0.025067739273467726,0.6997556616926728
0x05aaa0053fa5c28e8c558d4c648cc129bea45018,NCT-WETH,1.00%,99.0417,510,325597.6678435563,3255.9766784355656,490397.13896150654,443536.7951606629,-46860.343800843635,0.024396321041502134,0.7340939272594389
0xa9c5b677f0ed59d39d3f441dcb5daf0d6e276b5b,TOWN-WETH,1.00%,99.7160,654,545910.0320881197,5459.100320881197,817425.4356564109,704591.7110525153,-112833.72460389556,0.024295960213378542,0.774789177228103
0x50acd2cca016d3b71289752c463e9ee6036773a6,UJENNY-WETH,1.00%,38.3063,8,550.9206617520072,5.509206617520071,2166.816166018577,,,0.024191524434340472,0.25425353123716904
0x3ee301ed8f42d106def4f9d9730ea3367880b771,ASH-WETH,1.00%,99.9528,797,484535.0063845749,4845.350063845746,741708.673800006,731567.2958731914,-10141.377926814603,0.023767532511268508,0.662324586019443
0x4c83a7f819a5c37d64b4c5a2f8238ea082fa1f4e,CRV-WETH,1.00%,99.9528,1492,3.436977705525541e+06,34369.777055255385,5.269351944821908e+06,7.779630717243159e+06,2.510278772421251e+06,0.023730886623970493,0.44179188324551877
0x7569349084fce8e5162d96d351b994e166ef6778,WETH-XRT,1.00%,99.4056,271,286230.86219520774,2862.3086219520783,443891.05821518437,509981.4527492238,66090.39453403943,0.023695830295837883,0.5612573960331019
0xd9ed2b5f292a0e319a04e6c1aca15df97705821c,MANA-WETH,1.00%,97.2424,215,101460.78709693308,1014.607870969331,161033.53572512232,138515.02170367024,-22518.51402145208,0.023613559418299568,0.7324894141372731
0x7c3b1297ac649b36547b913de50919acb45a250c,DATA-WETH,0.30%,99.3597,515,408799.56901460135,1226.3987070438047,196227.76288287962,143548.7180903381,-52679.04479254151,0.022969181117501458,2.8478106558731895
0x695b30d636e4f232d443af6a93df95afd2ff485c,BEPRO-WETH,0.30%,99.6861,624,384393.5143474457,1153.1805430423371,182904.24137367387,107485.97396393363,-75418.26740974023,0.022941116383831117,3.5762202282916182
0xfad25176c366957ed4c592d21b21eec176d70630,DXD-WETH,1.00%,88.8806,30,127897.36169208447,1278.9736169208447,235248.30156357557,,,0.022363604513431223,0.5436696496510958
0xe2680fd7cdbb04e9087a647ad4d023ef6c8fb4e2,HUNT-WETH,0.30%,99.0694,1061,3.9601753546923636e+06,11880.526064077087,1.9595622215711386e+06,1.965036372723491e+06,5474.151152352337,0.022283884135442245,2.0153191104568005
0x1a89ae3ba4f9a97b10bac6a77061f00bb956858b,IMPT-WETH,0.30%,100.0111,2488,2.5463863934626086e+06,7639.159180387819,1.2555558374454249e+06,1.2340987559908428e+06,-21457.081454582047,0.022141024681169297,2.0633570701707304
0x6f41040b9e098c2ac4b88e27b50d4e9ab486781b,BLUR-WETH,1.00%,96.7597,822,1.5041131953383887e+06,15041.131953383901,2.5822768586110133e+06,1.8139535475288776e+06,-768323.3110821357,0.021835293132104194,0.8291905806449233
0xac499d3705b27cfa720385fdc998c520782c6049,MAP-WETH,0.30%,99.1785,276,394471.5140616229,1183.4145421848677,202908.74877049323,165704.59725752397,-37204.151512969256,0.021438763389620696,2.380570730023675
0xd340b57aacdd10f96fc1cf10e15921936f41e29c,WETH-wstETH,0.05%,100.0243,2717,6.2384762779820725e+07,31192.38138991036,5.398175898782991e+06,959680.4405136242,-4.438495458269367e+06,0.02103076840519913,65.00576665544229
0x3887e82dbdbe8ec6db44e6298a2d48af572a3b78,BOB-WETH,0.05%,99.9632,1596,2.8543451506043216e+06,1427.172575302162,252976.73593278855,253587.8055369901,611.0696042015625,0.02053424869037812,11.25584546370455
0xed49728e65246d81fa65f832fd5197467abbbc40,STOS-WETH,1.00%,98.9799,140,151134.63087093967,1511.3463087093976,272001.5379423427,263668.516124951,-8333.02181739168,0.020427501467845666,0.5731993834232292
0x39a1ad3b33db6fa77755fcff2fd4fbec5ce4643d,ASTRA-WETH,0.30%,99.4458,817,787914.1478398767,2363.742443519631,435351.8955326803,128842.30872116075,-306509.5868115196,0.01996224979288308,6.115337078793525
0x2dd56b633faa1a5b46107d248714c9ccb6e20920,REN-WETH,0.30%,97.4694,389,250352.15844638084,751.0564753391428,141733.69198930857,114070.13715770852,-27663.55483160005,0.019869789177504593,2.1947212888878584
0x615d40af2c321bd0cd6345ae0a7fc1506a659a89,BRIGHT-WETH,0.30%,99.3007,147,205156.3470076718,615.4690410230158,115067.10897654125,211276.8511778636,96209.74220132235,0.019666272614248248,0.9710308813480032
0x3be033b60bc4aa789368954595332fab143987ec,BONE-WETH,1.00%,99.5938,884,916599.3009690038,9165.993009690032,1.7027235408949314e+06,2.078100909406845e+06,375377.3685119136,0.01959627764625993,0.44107545346805604
0x5c128d25a21f681e678cb050e551a895c9309945,BIT-WETH,0.30%,100.0292,4613,3.9897762505543105e+07,119693.28751662916,2.5011083306950986e+07,1.326226806754237e+06,-2.3684856500196747e+07,0.01742622866641841,30.08366465098647
0x3cb75142bdae2bef3eb119affb288aeb0599dc4f,renBTC-WETH,0.30%,99.4160,199,535812.1122899528,1607.4363368698587,363675.5775124745,364937.6219914026,1262.0444789280882,0.0162586893438188,1.4682293082475772
0xe331de28cd81b768c19a366b0e4e4675c45ec2da,WETH-XYO,0.30%,99.7951,858,857532.7764745943,2572.598329423785,576835.2561213763,607202.1535222292,30366.897400852875,0.01624261928821258,1.4122689972363556
0x68d01efdfbe5c0eebe3b19b571b18ae6d6ee16fc,SUDO-WETH,1.00%,99.1403,453,624045.4633209337,6240.454633209344,1.4334365723556161e+06,599686.8690547929,-833749.7033008232,0.016014665675575523,1.0406188554779165
0xe0cfa17aa9b8f930fd936633c0252d5cb745c2c3,DYDX-WETH,1.00%,99.7903,602,1.1542672801801094e+06,11542.672801801094,2.6448766263086726e+06,2.472497325454451e+06,-172379.30085422145,0.01589488315264731,0.4668426809998479
0x381fe4eb128db1621647ca00965da3f9e09f4fac,ELON-WETH,1.00%,99.7069,1505,614925.0289504725,6149.250289504722,1.4261830455206078e+06,1.1088178639217592e+06,-317365.18159884866,0.01570415291869187,0.5545771302561401
0x79e42a2bb91a0f9118e2b5231958c1eaefce390c,IDLE-WETH,0.30%,99.2500,212,107568.132411226,322.70439723367804,76527.31001276389,,,0.015513072759233415,1.4056175814004812
0x084b5191bd08412952337b1108b6e5942418928f,SNT-WETH,0.30%,99.2146,675,856507.7533843223,2569.5232601529674,624880.3945993334,586354.1343041278,-38526.26029520563,0.01512820859001951,1.4607345685398925
0x15d12305d0f57c99d947e66d4164094ffccf78fc,SWISE-WETH,1.00%,99.8299,639,909538.4659058393,9095.38465905839,2.1985615698626405e+06,1.7123670363999638e+06,-486194.5334626767,0.01506910574997633,0.531158593088798
0x24dbedb4699eb996a8ceb2baef4a4ae057cf0294,MM-WETH,1.00%,99.6618,258,110694.13251138972,1106.9413251138972,271952.4883823247,257141.76330407112,-14810.72507825357,0.014826917799038997,0.4304790131678979
0x7f4a0822a6e3c085df795a8d78acbcd36f210ebf,WETH-WSTR,1.00%,95.3389,176,482966.2955134031,4829.66295513403,1.321707547926251e+06,,,0.013979114418081195,0.36541086284267155
0x6ae0cdc5d2b89a8dcb99ad6b3435b3e7f7290077,KROM-WETH,0.30%,99.9215,2498,3.1757858946398767e+06,9527.357683919625,2.5006090231294753e+06,1.9444673565392592e+06,-556141.6665902161,0.013880393380149014,1.6332420721590843
0xae614a7a56cb79c04df2aeba6f5dab80a39ca78e,BAT-WETH,0.30%,99.5076,896,1.4102116397249307e+06,4230.634919174794,1.1106023873575744e+06,869117.903516717,-241484.4838408574,0.01387785019437815,1.6225780576131072
0x325365ed8275f6a74cac98917b7f6face8da533b,CHZ-WETH,1.00%,99.2681,384,171620.26415725754,1716.202641572576,458359.533559754,252794.91204177428,-205564.62151797974,0.013777580233480524,0.6788912908535807
0x584ec2562b937c4ac0452184d8d83346382b5d3a,OHM-WETH,1.00%,98.9278,360,80560.44607045544,805.6044607045536,216623.6663844479,216768.64979563572,144.98341118782992,0.013684597764990203,0.37164251447986546
0x2519042aa735edb4688a8376d69d4bb69431206c,LPT-WETH,1.00%,99.9667,202,100456.08333823981,1004.5608333823985,269158.949472895,222431.50710904392,-46727.44236385109,0.013597503730807814,0.4516270408085336
0xb1223da8a5929bcfa9d26f0c6da8f0a29c3925ff,WETH-XFUND,1.00%,31.1951,9,37335.05537689978,373.3505537689977,321880.9508287777,275253.1157804878,-46627.83504828991,0.01358237614513813,0.13563899275412453
0x0f0960c69efb4627da97e24abf6141eac95f4500,WETH-XIDR,0.30%,93.5701,163,702373.1626769563,2107.119488030869,613389.8868260826,,,0.013393444516424102,1.1450680517595548
0xd35efae4097d005720608eaf37e42a5936c94b44,1INCH-WETH,0.30%,99.6701,1853,1.0919181928504563e+06,3275.7545785513694,911966.9462619106,853757.1933685939,-58209.752893316676,0.013087421462527615,1.2789563605808951
0x56325cc1d04957681e7d12485e2a9ba2a5935df5,NFTI-WETH,0.30%,13.3278,8,59024.28842585481,177.07286527756443,371605.20332709263,,,0.013041533548751039,0.15883601170649034
0x60a6b23a7a87c5ce9e3f81c869691f784b18a704,MTO-WETH,1.00%,99.8542,276,81448.78776597058,814.4878776597056,228339.28393994234,225451.3827106433,-2887.901229299052,0.012996642395950442,0.3612698524475516
0x06729eb2424da47898f935267bd4a62940de5105,CEL-WETH,0.30%,55.4569,249,683083.0052495484,2049.249015748645,1.0517478606877176e+06,1.0100461101479436e+06,-41701.75053977396,0.012788903909860538,0.6762889321453807
0xcd83055557536eff25fd0eafbc56e74a1b4260b3,PERP-WETH,0.30%,100.0250,2450,5.584466667338004e+06,16753.40000201402,4.849020816384752e+06,4.1342095020465134e+06,-714811.3143382389,0.012589256897390655,1.3507943089419117
0x1ae3b4cee159c2a75190d2f89d7fca249c5dad03,EURT-WETH,0.05%,99.6750,403,880821.1026710535,440.41055133552663,128060.05433231642,130351.55409988468,2291.499767568268,0.012531372253539175,6.7572735035909535
0x1bcf855445335f72841cdecaed71f5901a807a7f,NFTL-WETH,0.30%,97.4396,131,188599.81042495026,565.799431274851,171415.059656862,,,0.01238897069122058,1.100252281231816
0x21b038bf18d40a68f238354e749ddcd72954f040,COM-WETH,0.30%,61.7986,18,172.331461378686,0.5169943841360579,246.89183660281057,,,0.012369154670518467,0.698003886033404
0xe3fe800b0de664bf0bca8ad58ecbc73b259047b0,POWR-WETH,0.05%,100.0715,2898,8.632655244973348e+06,4316.327622486674,1.3347932467200062e+06,1.2808632407521782e+06,-53930.00596782798,0.01178417084037875,6.739716599177193
0x5764a6f2212d502bc5970f9f129ffcd61e5d7563,SHIB-WETH,1.00%,99.2736,1246,3.4151419130785284e+06,34151.41913078527,1.1304287355713706e+07,9.942834303285481e+06,-1.361453052428225e+06,0.01112067683760265,0.3434777055421751
0xb32fcfff9616deec20dd44d664f490dee7fe2c7a,PANDA-WETH,1.00%,95.5813,106,60678.22535696816,606.7822535696815,209911.18826564268,196951.59656128634,-12959.591704356339,0.011062647744316534,0.3080869940451924
0x5859ebe6fd3bbc6bd646b73a5dbb09a5d7b6e7b7,SAND-WETH,0.30%,96.1208,156,181118.43665220722,543.3553099566216,194812.13903341268,171165.13863157388,-23647.0004018388,0.010572932179228056,1.0581502641262566
0x251b8cdac362bebbf5ce90c29f3deea6bc4d7931,BGAN-WETH,1.00%,92.4104,13,2560.97134342478,25.6097134342478,9603.638667565263,,,0.010498164064365323,0.26666677413364653
0x34b8487fc2912c486b04d1436b07f19f7730cd43,POLK-WETH,0.30%,99.0868,342,330869.23400898237,992.6077020269474,350016.1633232463,293876.7506548085,-56139.41266843781,0.010439865662554837,1.125877543125641
0x9d2713fa2f387ed1284a4176e7841253b4da2a71,FTT-WETH,1.00%,98.8431,464,183609.76475733475,1836.0976475733487,661870.2615641272,649356.1370964978,-12514.124467629357,0.010212722366275129,0.28275664811349793
0xfaa318479b7755b2dbfdd34dc306cb28b420ad12,UNI-WETH,0.05%,98.3194,1116,2.9427493569921544e+06,1471.3746784960776,549793.7353478449,650439.2301697779,100645.49482193298,0.0099504324944788,4.524249492491461
0x5bacfd3acdd00efc0906c67986cfc0913f04db3f,UNBNK-WETH,0.30%,57.4472,25,31848.00875483943,95.54402626451825,61270.42085788998,,,0.009896059082271647,0.5197941895765232
0x930b2c8ff1de619d4d6594da0ba03fdeda09a672,NFTX-WETH,1.00%,99.7410,175,675565.726778234,6755.657267782343,2.5328326437397366e+06,2.267738989654708e+06,-265093.65408502845,0.009722573219469455,0.29790277005428095
0x302cbc852e71a56a876718029e4d2b716d62d7d6,PRT-WETH,1.00%,91.8833,21,6066.511158371159,60.66511158371159,25754.444651729715,,,0.009360536670192099,0.23555200822253883
0x632e675672f2657f227da8d9bb3fe9177838e726,RPL-WETH,0.30%,99.1528,320,1.4677807001672501e+06,4403.3421005017535,1.7521773495710432e+06,1.0124162042457864e+06,-739761.1453252567,0.009252923535822966,1.449779936365888
0xf5ce0293c24fd0990e0a5758e53f66a36ca0118f,SNX-WETH,1.00%,96.5646,158,34994.941662577694,349.94941662577696,144537.96515818354,144539.42970023467,1.4645420511369593,0.009179727388057835,0.24211346160113484
0xf56d08221b5942c428acc5de8f78489a97fc5599,GNO-WETH,0.30%,99.8778,2293,1.2018149046352059e+07,36054.44713905619,1.5382876624511473e+07,1.5962856313800775e+07,579979.6892893016,0.008544974624576929,0.7528821164644389
0x70b0969a069516e117aa777fc87b819d0334a419,FF-WETH,0.30%,80.5201,25,14118.579756236077,42.35573926870825,23339.958568673035,,,0.008206119762933506,0.6049102321537999
0x21f396dd37a26d7754c513fd916d07f66aa6b81e,MON-WETH,0.30%,99.8806,872,817399.0403670794,2452.197121101242,1.090255947663385e+06,572405.4339199287,-517850.5137434562,0.008200431544304054,1.4280071290892422
0x96b0837489d046a4f5aa9ac2fc9e086bd14bac1e,RND-WETH,1.00%,92.0222,81,29793.94907231208,297.93949072312085,148668.0827547724,,,0.007965253803592365,0.2004058202691503
0xff2bdf3044c601679dede16f5d4a460b35cebfee,POOL-WETH,0.30%,99.9028,285,456053.5910259432,1368.1607730778292,640000.7568851341,420190.71338872565,-219810.0434964085,0.007794537578703631,1.0853490486450619
0x5e97da599e8c72afea37024240bfca886fb8bc96,PATH-WETH,1.00%,98.1958,189,172032.1443284149,1720.3214432841492,867431.3252501581,1.0605173335865445e+06,193086.0083363864,0.007376351892396382,0.16221530651141974
0x4ac97bcc1137bd1c39c1f34cfe5c250cc3cc7f59,GGTK-WETH,0.30%,99.4938,110,97400.62881216414,292.2018864364925,147536.02929729526,132246.65259916452,-15289.376698130742,0.007294134824239462,0.7365073285248468
0x9359c87b38dd25192c5f2b07b351ac91c90e6ca7,DPI-WETH,0.30%,98.5611,680,1.0389542679883798e+06,3116.8628039651385,1.5897877828881748e+06,1.2189983021277806e+06,-370789.48076039413,0.00722057334196613,0.8523016530661847
0x5d752f322befb038991579972e912b02f61a3dda,AGLD-WETH,1.00%,65.5924,484,436772.15847951797,4367.721584795179,3.5562892090579355e+06,3.865307088484807e+06,309017.8794268714,0.006809760244391727,0.11299804866234621
0x83abecf7204d5afc1bea5df734f085f2535a9976,PEOPLE-WETH,1.00%,98.7021,528,763582.6737706186,7635.826737706193,4.1383156909428537e+06,3.20534133889045e+06,-932974.3520524036,0.006795953000783284,0.23822195299641247
0xfca9090d2c91e11cc546b0d7e4918c79e0088194,WETH-XSGD,0.05%,100.0167,1116,5.973222860394142e+06,2986.611430197073,1.6372525807919963e+06,1.0100338000410891e+06,-627218.7807509073,0.006652180893014226,5.913884129571848
0x3c0b348211640f151cd1d959d676251a583f3475,QOM-WETH,1.00%,86.2250,22,72207.44524572462,722.0744524572466,463818.8695187994,240090.38399314237,-223728.48552565704,0.006586436396573969,0.3007510923377384
0xfc7567f6cd97269d63c473d0a9776aa9fd9a1ea2,$HACHI-WETH,1.00%,99.1424,97,31128.57858356151,311.285785835615,178028.91564629288,154312.30449535797,-23716.611150934914,0.006440319379275028,0.20172453962994197
0xa2ff3d4ffaf8c67cfc71a19ea437bcc2a9893d16,TKING-WETH,0.30%,100.0139,435,218187.29074233447,654.5618722270027,375004.27742843446,292586.9865398073,-82417.29088862718,0.00636549796821595,0.7457176866362424
0xf0e02cf61b31260fd5ae527d58be16312bda59b1,rETH-WETH,0.30%,89.0653,86,73342.28536039386,220.02685608118153,146941.76835326527,166766.1853551863,19824.417001921014,0.006116739840216212,0.4397911075568832
0x67ce0b007b2683315aec6a8ad8a69481ba47025c,ALCA-WETH,0.30%,99.2854,244,430445.9734068205,1291.3379202204617,783133.0959138342,444067.72993909766,-339065.3659747365,0.006073854182010452,0.9693250474783535
0x9ebc423d2b8d67b0b9649c5fefe6933db50a6248,EASE-WETH,0.30%,93.1056,64,69804.09716655064,209.41229149965193,140609.9098169876,,,0.0058122346534850156,0.4964379627111982
0x3019d4e366576a88d28b623afaf3ecb9ec9d9580,AXS-WETH,0.30%,99.8549,2520,2.7486745369338566e+06,8246.023610801562,5.476465493102594e+06,5.132893519616708e+06,-343571.9734858861,0.005491785828595219,0.5355019593586096
0xfcfdfc98062d13a11cec48c44e4613eb26a34293,COW-WETH,1.00%,97.8910,231,55927.171834570094,559.2717183457013,386140.1789408503,376505.9527194787,-9634.226221371617,0.005388399508364783,0.1485425965528876
0x61f8b7670d9de7a6852c09cfcc9dd597ec3087cc,PHONON-WETH,1.00%,83.9819,45,8569.975736941498,85.69975736941498,70968.26276021759,,,0.0052419910128986835,0.1207578627913876
0xfececebf44d38858a0c478c2c4afa2601f5352fb,ETHMAXY-WETH,0.05%,93.4667,24,100511.18745699989,50.255593728499946,41154.525129004636,,,0.004766298723278828,2.442287625526803
0xbe13b6480dc054516a8039f7056206d5a48394c7,SI-WETH,0.30%,96.2438,113,128616.16917736628,385.84850753209884,314268.24899584264,228848.0978159259,-85420.15117991675,0.004657778410657176,0.5620154609317258
0x098e0b9de8ed064006d9dda99b4e3d1604801cea,UTU-WETH,0.30%,99.4208,109,59446.88456850791,178.34065370552364,141790.29971034918,132608.1728089808,-9182.126901368378,0.0046339127124317425,0.44828974948730993
0xb9c4a5522a2f8ba9e2ff7063df8c02ed443337a3,ENS-WETH,1.00%,96.9160,250,209624.12724041034,2096.2412724041046,1.7092944674809093e+06,1.5567371254187133e+06,-152557.342062196,0.004607772646629815,0.13465608535803889
0x32ecd439b57fb881ea1f5df2f8581b6fdac0acac,CARD-WETH,0.30%,89.8958,90,77908.09606790039,233.7242882037011,211925.36899017787,142549.70718175246,-69375.66180842542,0.00446580776556238,0.5465328383212089
0xe0554a476a092703abdb3ef35c80e0d76d32939f,USDC-WETH,0.01%,99.9528,5597,1.6404709448489511e+07,1640.4709448489502,1.392982297895178e+06,1.0378356644380896e+06,-355146.6334570884,0.004295985072272357,15.806654184862143
0x360b9726186c0f62cc719450685ce70280774dc8,UNI-WETH,1.00%,98.4785,321,59068.16325347486,590.6816325347486,513154.0611584339,566177.963893086,53023.902734652045,0.004283033254165458,0.10432790928017993
0x6bee0f0dea573ec04a77ff3547691f2edccf2a7c,BETA-WETH,1.00%,94.8771,77,28780.24635085091,287.8024635085091,277878.0921348254,262311.9686951103,-15566.123439715127,0.003967344529238748,0.10971762552055978
0x04916039b1f59d9745bf6e0a21f191d1e0a84287,WETH-YFI,0.30%,99.3229,218,225371.85384706984,676.1155615412096,640681.0410974948,464195.9268660018,-176485.11423149297,0.003888360782678957,0.4855101925789352
0x6ab3bba2f41e7eaa262fa5a1a9b3932fa161526f,WBTC-WETH,1.00%,97.2458,171,83315.27428766622,833.1527428766623,880686.9060988245,900324.5108750018,19637.604776177322,0.003554920943755757,0.09253916035973996
0x73a6a761fe483ba19debb8f56ac5bbf14c0cdad1,SUSHI-WETH,0.30%,99.6104,476,151104.49565080763,453.31348695242275,549815.2555066328,469921.1613805905,-79894.09412604233,0.003008136475276535,0.32155286475474903
0x7685cd3ddd862b8745b1082a6acb19e14eaa74f3,RARE-WETH,0.30%,98.9090,438,216423.39955365082,649.2701986609527,801289.8823836069,713979.2411263798,-87310.64125722705,0.0029859046414626444,0.3031228179858834
0x3e9130133d61e948baa0177ebaaf30d3e5ae86e0,NOW-WETH,1.00%,97.5924,27,10832.682634396546,108.3268263439655,138942.8108303177,,,0.0029015192602177553,0.07796504597582839
0x1c4f761649c3d4dd31a83ea0548f79585c3999ba,ID-WETH,0.30%,86.7097,6,82331.2768229686,246.9938304689058,367866.10962124926,307395.75407045055,-60470.355550798704,0.0028173639286788177,0.2678347886487056
0x4e57f830b0b4a82321071ead6ffd1df1575a16e2,AMP-WETH,1.00%,97.0056,126,14465.56974853991,144.65569748539906,246531.57573889702,234305.68074427964,-12225.894994617382,0.0022052966123708995,0.061738024031639166
0xfaace66bd25abff62718abd6db97560e414ec074,RARI-WETH,0.30%,97.2715,208,37585.789497541766,112.75736849262526,197293.22144930728,172304.08812434296,-24989.13332496432,0.0021480286023389805,0.2181363768363873
0x14ba9132b6d5a45ae58cad813ae51c7429170e2a,OCTO-WETH,0.30%,98.4972,60,28671.804255328825,86.01541276598643,155963.98387607269,146891.57909843922,-9072.404777633463,0.002052704735000521,0.19519025141743795
0x8debdc55ae250b4334f96dfdfe04e76652658c7a,QRDO-WETH,0.30%,29.4660,28,9164.495930085257,27.493487790255774,176029.763636288,165567.54390325744,-10462.219733030564,0.0019324289300437503,0.05535200748910156
0xe13cf2d5d235aa25b489f55e4a940f8715d8d5ae,PLOT-WETH,0.30%,97.5382,67,40677.08601167458,122.03125803502373,261911.62713296752,230949.25624995286,-30962.370883014664,0.001751242490937166,0.1761299718915327
0x38b73128e790575b72f1b957bba981b08ee85f86,VADER-WETH,1.00%,97.6993,61,7576.888565156434,75.76888565156435,175752.1377117119,172306.75403688394,-3445.3836748279573,0.0016046882654241479,0.04397325344272069
0x33d1cf96df77a1b7d5156212b952275087c70612,PUNK-WETH,1.00%,89.2306,45,88230.52669496677,882.3052669496673,2.305517890690618e+06,2.186989605497619e+06,-118528.28519299906,0.0015641525438869763,0.04034336810434503
0x88977729330e55aa7111fec4967d8a561ac7c741,OCC-WETH,1.00%,88.2375,31,8629.023521837393,86.29023521837395,228646.81085122842,223440.1618354601,-5206.649015768315,0.0015562766481058699,0.03861894590011866
0xdd5a65da22031b6ae5205fd89f67b5141e4f0ead,UBT-WETH,0.30%,72.3535,22,27905.27764186494,83.71583292559482,279297.76409361203,239116.66065641388,-40181.10343719815,0.0015095514289931167,0.11670151952298281
0x7379e81228514a1d2a6cf7559203998e20598346,SETH2-WETH,0.30%,99.9597,691,1.0598441995128656e+07,31795.325985385964,7.785079043962443e+07,7.72316932881513e+07,-619097.1514731348,0.0014904085588429705,0.13722918071452725
0xa9166690c35d900a57d2ec132c58291bc0678944,TXJP-WETH,0.30%,96.8264,58,249473.0536182254,748.4191608546766,1.9857972390801152e+06,1.842535150935377e+06,-143262.08814473823,0.001416638694829997,0.13539663191314344
0xcd9dab5e666de980cecdc180cb31f296733e2587,AKITA-WETH,1.00%,98.8292,101,6244.84512263961,62.44845122639608,174962.6887165049,151149.36425934618,-23813.324457158713,0.001315569375518466,0.04131572205573115
0xf1b63cd9d80f922514c04b0fd0a30373316dd75b,OHM-WETH,1.00%,97.4604,95,63977.76697468464,639.7776697468464,1.84862463990707e+06,1.8667957792006282e+06,18171.139293558197,0.0013008764850608312,0.03427143326951396
0xd017617f6f0fd22796e137a8240cc38f52a147b2,GTC-WETH,0.30%,99.4174,1327,43936.01890683064,131.80805672049198,389330.8498359915,289289.2339695103,-100041.61586648121,0.0012478564125839586,0.15187574837804468
0x94981f69f7483af3ae218cbfe65233cc3c60d93a,RBN-WETH,1.00%,98.2965,240,102527.30679666113,1025.273067966611,3.3691458306044396e+06,3.4791946766857565e+06,110048.84608131694,0.001132784708536283,0.029468689258379626
0xb66776014d002479ace38ec16e604e465851a33b,BAT-WETH,1.00%,87.1160,82,8835.483485107903,88.35483485107905,386843.6106637762,325346.92719634756,-61496.683467428666,0.0009585981241289065,0.027157113673231866
0x92c7b5ce4cb0e5483f3365c1449f21578ee9f21a,FRAX-WETH,0.30%,85.9965,35,7733.653751513385,23.200961254540154,110048.33993023456,109898.69358872154,-149.64634151302744,0.0008925408286764025,0.07037075236267466
0xf79fc43494ce8a4613cb0b2a67a1b1207fd05d27,APE-WETH,1.00%,97.9667,261,125557.12225053397,1255.5712225053403,5.579586342447398e+06,4.421285068197139e+06,-1.1583012742502596e+06,0.0008376913390262253,0.028398332230075412
0x9e5bfb074aa3a90daf84484f9e099ad39d64d578,CUBE-WETH,1.00%,96.3764,28,4531.162483254594,45.31162483254593,226470.70636029693,173327.72477977534,-53142.98158052159,0.0007594178730752077,0.02614216790194266
0x3e5a6af33cc70646bc46aff0af4b930d92856b18,MIM-WETH,1.00%,98.0986,91,5880.291624993402,58.802916249934015,326465.205702547,323567.38254118536,-2897.8231613616226,0.0006705270288265286,0.018173313944105377
0xfc9f572124d8f469960b94537b493f2676776c03,PILOT-WETH,0.30%,97.0049,76,11345.87223145153,34.037616694354604,200968.72643800825,165630.30464946275,-35338.4217885455,0.0006366846152106032,0.06850118554973227
0x63805e5d951398bc1c1bec242d303f59fa7732e3,WETH-X2Y2,1.00%,82.0194,35,5837.011535081358,58.37011535081357,425523.65247946087,364125.5118545334,-61398.14062492747,0.0006107874712901751,0.016030218551160512
0x41b536722c014a577f06a4bb0dfa08bf0b8f5e87,NU-WETH,1.00%,91.6278,39,2288.695481047639,22.8869548104764,157402.65281196075,137749.319243982,-19653.333567978756,0.0005784477005388311,0.01661493133765616
0xd1ede4862697fa88e8948fd83317e4d7888910f5,MCB-WETH,0.30%,90.4125,16,9849.767610285076,29.549302830855233,207710.71421194385,188609.72806732293,-19100.986144620925,0.0005763331972374885,0.05222300944503388
0x8e794abe66a4f65c0b6369ceb91af9d50d78fbfa,UFO-WETH,1.00%,97.9813,120,5209.590781433911,52.09590781433911,339010.9678103781,314946.58573764586,-24064.38207273226,0.0005720709189482864,0.016541188307320022
0x56ea002b411fd5887e55329852d5777ecb170713,RLC-WETH,1.00%,88.4382,52,8217.777266745865,82.17777266745865,700889.4875963558,548176.5184247202,-152712.9691716357,0.00048356065441845786,0.014991115070672977
0xcba27c8e7115b4eb50aa14999bc0866674a96ecb,INST-WETH,0.30%,99.6431,112,35484.66758533485,106.4540027560045,895568.410705155,786205.4914601555,-109362.91924499953,0.0004338409492365969,0.04513408767907747
0x5b781915b6b610a1aba8135ad5df084ffe528da4,SUPER-WETH,1.00%,84.7514,21,1681.9798939138745,16.81979893913875,169673.7146011453,146601.81623923237,-23071.89836191293,0.0004269331060557935,0.011473117707962999
0xbea615376d1184f3670a341b70f6f45d9d0fbaad,cbETH-WETH,0.30%,99.5438,571,17666.26471371959,52.99879414115869,499333.1115208714,380329.8972253287,-119003.21429554268,0.00038738756040324063,0.04644984483892179
0x80dbf454431ba9b64f0a8753f72a86afea6ee2f3,QSP-WETH,0.30%,81.4306,16,6810.332198041568,20.430996594124704,304010.36348179076,234604.2885703449,-69406.07491144584,0.000301706540570823,0.029029018350615207
0xb82d251b7e92832dccb7f3c6f03ae20f2d7ee597,SOS-WETH,1.00%,98.0743,154,9698.723013781757,96.98723013781759,1.201269067317779e+06,1.1704525602415935e+06,-30816.50707618543,0.0003005729861971229,0.008286301677856845
0x389442a68957a814ffeb43275b12493797e2866e,HOPR-WETH,0.01%,99.2590,180,187301.92134759735,18.730192134759736,230589.24973674986,200878.8670166299,-29710.38272011996,0.0002994332022010493,0.9324122747670188
0x3abb02fb560b07488e264a8e5934b1258503680d,THE-WETH,1.00%,77.6965,6,1570.2153348608233,15.702153348608235,265171.7909061791,244849.50177543002,-20322.289130749094,0.000278805781390723,0.006412981539578489
0x9496d107a4b90c7d18c703e8685167f90ac273b0,agEUR-WETH,0.30%,97.7375,116,7820.022304605542,23.460066913816625,318840.8315786212,292261.8456494927,-26578.98592912848,0.00027392554571514793,0.026756904539582058
0xf87bb87fd9ea1c260ddf77b9c707ad9437ff8364,TRIBE-WETH,0.30%,81.2535,24,11219.339969013787,33.65801990704136,598799.0084002804,584703.7080617147,-14095.300338565721,0.0002523442487578631,0.019188077336136204
0x07ed78c6c91ce18811ad281d0533819cf848075b,ERN-WETH,0.30%,96.8382,57,4596.81207091519,13.790436212745574,215308.76558565034,196254.39463811822,-19054.370947532123,0.00024078676796657206,0.02342272171480005
0xcdb4e35b235845ae8d0c27f77cd8176ddfc26965,ERC20-WETH,1.00%,53.9264,6,1056.3018464009706,10.563018464009707,398510.5112497336,363624.6047757861,-34885.906473947514,0.00017898111185798982,0.0029049240137429505
0x04ed15a29addad1e8189026d17879403997050a3,PSWAP-WETH,1.00%,3.0368,2,39.435150002412044,0.39435150002412045,267659.76852123137,257359.6598328532,-10300.108688378154,0.0001770862248506866,0.00015322972538906796
0x2b1b8052eed6467967d047b58b71f8e9ffa057b5,CIV-WETH,0.30%,80.0410,5,2736.623325373622,8.209869976120867,223647.28024729824,182957.57198463165,-40689.708262666594,0.00016748181702830323,0.014957693719303932
0x345bec0d86f156294e6602516284c19bd449be1e,SAN-WETH,0.30%,99.6549,45,13660.457084266729,40.98137125280018,1.0275795684243866e+06,1.0176979033167653e+06,-9881.66510762123,0.00014556444756563813,0.013422899899612763
0x10b5c63a0a94ec3036238190bc88608a02e91e2c,TCR-WETH,0.30%,77.2507,16,496.63525360568093,1.489905760817043,60943.03122096225,,,0.00011510974247119776,0.008149172163836444
0xae91b3bc45379290d9e8ff8a633f34ad3101086b,NFD-WETH,1.00%,90.0625,7,1822.4077328117353,18.224077328117353,746711.2090985933,705829.6353069146,-40881.57379167876,9.887886697312886e-05,0.0025819371157734133
0x4a73a7e29988f171910119d660c4dd548282bf2a,PSP-WETH,1.00%,9.8854,3,93.10713073435122,0.9310713073435121,372145.0543753305,361947.1243604738,-10197.930014856684,9.241523667435914e-05,0.0002572395923820715
0xe9e12db15d8a0ec338f148ffd9dc9606312a6b28,MC-WETH,1.00%,95.9701,31,1660.1268338616424,16.60126833861642,694471.5815108,670041.9614000102,-24429.620110789896,9.074189778024433e-05,0.0024776460721846623
0x9ac681f68a589cc3763bad9ce43be3380696b136,MM-WETH,0.30%,98.5028,35,2391.126758910148,7.173380276730445,329120.4815536676,323701.5076172579,-5418.9739364096895,8.114416509164002e-05,0.007386826142735787
0x0cfbed8f2248d2735203f602be0cae5a3131ec68,SLP-WETH,0.30%,90.5688,92,5354.843704216825,16.06453111265048,863524.8454890264,847356.6436789997,-16168.201810026658,7.469211735999792e-05,0.006319468601753687
0x5d7b4563f794f52423181c8320cdd3bf8fdf55d7,PEOPLE-WETH,0.30%,85.8944,11,1353.1044732350863,4.0593134197052585,266591.00856557733,235546.61714796486,-31044.391417612467,6.446955496564044e-05,0.0057445294252946024
0x0cf227fd309a6ec3d42a21667e6604ab885569fb,oBTC-WETH,1.00%,45.3076,2,1.5325765582213635,0.015325765582213637,1966.1667275792113,,,6.287605986865508e-05,0.0007794743633508163
0x1353fe67fff8f376762b7034dc9066f0be15a723,AAVE-WETH,1.00%,96.8028,26,323.2587419285937,3.2325874192859354,209308.91991202376,201401.54677552913,-7907.373136494629,5.8061641796669505e-05,0.0016050459745916438
0x610a94f64d1d149623369e5bac9576065d23893b,ELON-WETH,0.30%,89.1063,68,472.34347946354853,1.4170304383906458,120927.3089262117,104487.97948661093,-16439.32943960077,4.790304955593072e-05,0.0045205532902861285
0xc3fbde061619d750f0b09a4f36a3fcb7fe77c585,ITP-WETH,0.30%,59.1083,16,7894.936133914344,23.68480840174303,5.371329954332083e+06,450166.669470408,-4.921163284861675e+06,2.7199860198612313e-05,0.01753780692649286
0x820e5ab3d952901165f858703ae968e5ea67eb31,OXT-WETH,1.00%,19.7486,4,21.97042391457103,0.21970423914571033,163855.66053025823,146756.37876804307,-17099.281762215163,2.4763959928231216e-05,0.0001497067732183318
0xc12af0c4aa39d3061c56cd3cb19f5e62deeaebde,WETH-wstETH,0.30%,26.9632,4,56.839700138930525,0.17051910041679155,128544.29492901522,109986.47360972545,-18557.821319289767,1.7963324848713214e-05,0.0005167880946944419
0x99c58992057347622bdeeb5aaada7837e2755f88,ERC20-WETH,0.30%,15.9639,2,77.87736402366893,0.23363209207100677,361168.6276398403,328908.95963086153,-32259.66800897877,1.47805142924895e-05,0.00023677483310601094
0x3d656dad255ca189d497a7b0f2c4b06ffe5cb9b0,DEPAY-WETH,0.30%,58.4875,7,903.980375754626,2.7119411272638785,1.802837247185665e+06,,,9.388849758762419e-06,0.0005014209558659789
0x14de8287adc90f0f95bf567c0707670de52e3813,RAI-WETH,0.30%,98.3090,42,11378.781448834243,34.13634434650273,1.7920148188845612e+07,1.7934370072292235e+07,14221.88344662264,7.09198875958883e-06,0.0006344678627109368
0x864ad3830b8b721c17419b135a4709c3776fb9be,KUMA-WETH,1.00%,51.9667,3,18.31633680562971,0.1831633680562971,230049.66715917812,151739.51228393012,-78310.154875248,5.579701144453608e-06,0.00012070907919722826
0x2028d7ef0223c45cadbf05e13f1823c1228012bf,FEI-WETH,0.30%,27.0403,5,22.6065460751497,0.06781963822544912,176559.46874163114,176312.43041161785,-247.03833001328167,5.1875101680920466e-06,0.00012821867421583722
0xb1de756d038a7f5d5f3076151304d4cc225cacfb,HTB-WETH,1.00%,5.1597,2,0.030690000000000002,0.00030690000000000003,5920.840864420574,,,3.6665712677130813e-06,5.183385384400699e-06
0xa46466ad5507be77ff5abdc27df9dfeda9bd7aee,GNO-WETH,1.00%,11.7090,3,2.203142495619706,0.02203142495619706,362802.6848053754,380445.36219998944,17642.67739461403,1.8928788425576215e-06,5.790956375127464e-06
0xaf1291730f716e13791d3bd837c7c31111a01778,QUICK-WETH,1.00%,54.7243,2,2.973160385786298,0.02973160385786298,147884.4222994946,138822.77943352217,-9061.642865972419,1.3428880829557954e-06,2.1416948990061463e-05
0xe297c3f3f0190b8341dd543d2d552248207af23a,GAS-WETH,1.00%,62.2882,6,3.6858531181611047,0.036858531181611046,214918.41962640255,211768.6966936151,-3149.7229327874666,1.0078203083185855e-06,1.740508949485467e-05
0xb404057ee4b1d7359ca5a57ac1c020b74c23e56b,FTT-WETH,0.30%,66.0049,2,9.931024335942855,0.02979307300782856,266413.79971158446,251319.69606757976,-15094.103644004703,6.204331881587422e-07,3.951550352532818e-05
0x6231e794773e4dc0b1ad79105d850a05d5fc0fcb,LOOKS-WETH,1.00%,13.2035,3,1.4584222265528466,0.014584222265528466,1.8097357175187857e+06,1.721201737484853e+06,-88533.98003393272,2.226675244187959e-07,8.473278842281445e-07
0x9758f2bf8e6f6ee89bd71fb434d92c699dc89e30,THX-WETH,0.30%,85.2160,46,104991.80547896933,314.975416436908,9.014835787598768e+09,7.049576447747604e+09,-1.9652593398511639e+09,1.4920985003108456e-07,1.4893349445485487e-05
0xa7cc4956638e73eed0c8145b10b7c6020f713e57,OHMI-WETH,1.00%,71.2951,3,0.003192273724066637,3.192273724066637e-05,3764.2147291011124,,,4.333577052761939e-08,8.480583478373845e-07
0xff2c97303089b6af24c4b424047b7c192dfd2e85,SOS-WETH,0.30%,51.1264,2,0.13668215744922155,0.00041004647234766463,152978.11392092225,149954.95755099822,-3023.1563699240214,1.917579317556317e-08,9.11488087366083e-07
