ID;Date;Date (Unix);Volume ETH;Volume USD;Volume USD Untracked;Feed USD;TX Count;TVL USD
18981;12/19/2021, 4:00:00 PM;1639958400;0.0;0.0;0.0;0.0;5;0.0
18982;12/20/2021, 4:00:00 PM;1640044800;1.7327164229118935;6931.678345450813748534;0.0;19.833501899931290151;197;19.833501899931290151
18983;12/21/2021, 4:00:00 PM;1640131200;102.986512802148810764;412332.109365856337527036;0.0;989.924362973716706672;2,973;989.924362973716706672
18984;12/22/2021, 4:00:00 PM;1640217600;4518.747379330040762797;18165613.360739501567559485;0.0;18142.931045528578799058;46,534;18142.931045528578799058
18985;12/23/2021, 4:00:00 PM;1640304000;7396.256773771937317212;30211866.542811287064776925;0.0;24735.903307887461177237;92,889;24735.903307887461177237
18986;12/24/2021, 4:00:00 PM;1640390400;8143.704338074498404218;33136279.338813794502497407;0.0;24452.580280241406540643;140,171;24452.580280241406540643
18987;12/25/2021, 4:00:00 PM;1640476800;14959.080801775602132598;60681471.606269308374482447;0.0;42344.162748819768104895;198,455;42344.162748819768104895
18988;12/26/2021, 4:00:00 PM;1640563200;12356.043141297083555838;50376870.136287252508553646;0.0;38564.298400665277425128;274,252;38564.298400665277425128
18989;12/27/2021, 4:00:00 PM;1640649600;18952.247575619647494169;73699006.103594546904042053;0.0;56052.758570889353408046;349,804;56052.758570889353408046
18990;12/28/2021, 4:00:00 PM;1640736000;17811.809206876117224615;67038073.34114616780657265;0.0;57423.142264562883678507;421,987;57423.142264562883678507
18991;12/29/2021, 4:00:00 PM;1640822400;15796.826127653104910723;58466889.995207859330768077;0.0;48184.540370066499403224;486,277;48184.540370066499403224
18992;12/30/2021, 4:00:00 PM;1640908800;16477.673917203137650748;61527063.819155959529405999;0.0;63977.599549637095387259;539,212;63977.599549637095387259
18993;12/31/2021, 4:00:00 PM;1640995200;12124.03314478784273886;45193409.839274059453487504;0.0;48751.825011267263692718;581,941;48751.825011267263692718
18994;1/1/2022, 4:00:00 PM;1641081600;10775.343198660220657427;40627972.551305303692710214;0.0;37827.877333277516437307;626,011;37827.877333277516437307
18995;1/2/2022, 4:00:00 PM;1641168000;13395.804982316866802857;50670159.258271478604041359;0.0;51208.477857805938323803;671,646;51208.477857805938323803
18996;1/3/2022, 4:00:00 PM;1641254400;13123.18402380885567904;49717812.814209229860505966;0.0;56568.177315866179525853;702,213;56568.177315866179525853
18997;1/4/2022, 4:00:00 PM;1641340800;16125.942489115114237153;59780539.51312652451773057;0.0;68444.160083752495348466;728,106;68444.160083752495348466
18998;1/5/2022, 4:00:00 PM;1641427200;18341.96878115210724576;62685504.630693254682411867;0.0;66357.669022212692987583;758,928;66357.669022212692987583
18999;1/6/2022, 4:00:00 PM;1641513600;20099.166511750460558573;64760780.591432391878222776;0.0;63799.834870370673637133;790,583;63799.834870370673637133
19000;1/7/2022, 4:00:00 PM;1641600000;19629.479326151827029576;61450387.671393926489178431;0.0;55474.100181836102692365;827,892;55474.100181836102692365
19001;1/8/2022, 4:00:00 PM;1641686400;16916.276276219582605328;53078329.063032839888809291;0.0;51461.516829574819936899;871,907;51461.516829574819936899
19002;1/9/2022, 4:00:00 PM;1641772800;25617.630236499536151023;78699806.718488474990667655;0.0;77719.904834558845871669;928,103;77719.904834558845871669
19003;1/10/2022, 4:00:00 PM;1641859200;24839.925648027491018956;78255614.992028717272126211;0.0;77350.227012216152779934;987,255;77350.227012216152779934
19004;1/11/2022, 4:00:00 PM;1641945600;21032.542111535046607677;69630382.774915021033773886;0.0;80909.536664485977154496;1,038,912;80909.536664485977154496
19005;1/12/2022, 4:00:00 PM;1642032000;21790.279499641918967051;72347173.190094809705889618;0.0;77443.945890205047323357;1,094,908;77443.945890205047323357
19006;1/13/2022, 4:00:00 PM;1642118400;18869.483838072614646444;61660128.35575673967591984;0.0;60781.761248498382439061;1,142,076;60781.761248498382439061
19007;1/14/2022, 4:00:00 PM;1642204800;14930.10075067020398715;49633343.881448589462088026;0.0;49040.369727560727316573;1,181,747;49040.369727560727316573
19008;1/15/2022, 4:00:00 PM;1642291200;13802.289588699111134151;45969022.876864038408921924;0.0;41842.528546905654625009;1,224,294;41842.528546905654625009
19009;1/16/2022, 4:00:00 PM;1642377600;21653.082558911252457728;70626941.776789762872616526;0.0;79650.326251279054192038;1,277,114;79650.326251279054192038
19010;1/17/2022, 4:00:00 PM;1642464000;18368.754192667002842968;57976717.231500206364904829;0.0;58087.522931246116536622;1,314,793;58087.522931246116536622
19011;1/18/2022, 4:00:00 PM;1642550400;15299.238292451874766237;47663203.039640955314158199;0.0;45858.646642429321380384;1,349,652;45858.646642429321380384
19012;1/19/2022, 4:00:00 PM;1642636800;18583.375571652862922538;58441922.889247811278938353;0.0;56603.08751914974002717;1,391,035;56603.08751914974002717
19013;1/20/2022, 4:00:00 PM;1642723200;40399.961108313376360347;112555691.354715978537043912;0.0;121551.645913696579452138;1,449,442;121551.645913696579452138
19014;1/21/2022, 4:00:00 PM;1642809600;40217.362581858411196994;98426142.42220608042321541;0.0;116400.818189333032136312;1,518,492;116400.818189333032136312
19015;1/22/2022, 4:00:00 PM;1642896000;30167.48427024305054202;74034065.664105206440248205;0.0;82304.10653204893962002;1,576,423;82304.10653204893962002
19016;1/23/2022, 4:00:00 PM;1642982400;42326.779497353373160495;98620690.399245317443704096;0.0;107529.415681086277466255;1,644,879;107529.415681086277466255
19017;1/24/2022, 4:00:00 PM;1643068800;34767.005327172102314585;84507069.534638103491039448;0.0;95676.056990540682511166;1,707,805;95676.056990540682511166
19018;1/25/2022, 4:00:00 PM;1643155200;49439.021428109054420663;125515052.331468366587643853;0.0;135741.487735537718529564;1,785,625;135741.487735537718529564
19019;1/26/2022, 4:00:00 PM;1643241600;40855.671405256428465772;98949366.195201700922048209;0.0;119713.714433169880489692;1,865,865;119713.714433169880489692
19020;1/27/2022, 4:00:00 PM;1643328000;40784.555881360263585674;99372450.227702328128270123;0.0;117064.964320552715448794;1,943,487;117064.964320552715448794
19021;1/28/2022, 4:00:00 PM;1643414400;25358.038387445876403721;65009987.281124658002065022;0.0;65387.443412125543471342;1,999,256;65387.443412125543471342
19022;1/29/2022, 4:00:00 PM;1643500800;19713.893066613369892276;51153110.464886953303861519;0.0;54841.567843660878811306;2,051,240;54841.567843660878811306
19023;1/30/2022, 4:00:00 PM;1643587200;23321.724044138377843162;60376512.476880895776034057;0.0;60948.616775541594318351;2,104,381;60948.616775541594318351
19024;1/31/2022, 4:00:00 PM;1643673600;25895.266048864591323885;71318176.091260215948414873;0.0;64823.123064796692582306;2,160,810;64823.123064796692582306
19025;2/1/2022, 4:00:00 PM;1643760000;24125.045387076244730961;65530960.662531014198261057;0.0;56048.829979060828153433;2,219,595;56048.829979060828153433
19026;2/2/2022, 4:00:00 PM;1643846400;23843.466179693268326849;62900873.580102296573010567;0.0;52419.917100857970866878;2,276,757;52419.917100857970866878
19027;2/3/2022, 4:00:00 PM;1643932800;26986.155049235907334809;76665787.501231150959834324;0.0;60165.645374286706039164;2,336,279;60165.645374286706039164
19028;2/4/2022, 4:00:00 PM;1644019200;21296.262150147935774944;64030718.422437707462606628;0.0;56707.528200039906658658;2,392,108;56707.528200039906658658
19029;2/5/2022, 4:00:00 PM;1644105600;18993.792203804134716438;57090070.987800891010909712;0.0;52474.272634677860507667;2,443,431;52474.272634677860507667
19030;2/6/2022, 4:00:00 PM;1644192000;38127.082017069837316893;118523556.046778994582330632;0.0;105502.257416055238594653;2,523,520;105502.257416055238594653
19031;2/7/2022, 4:00:00 PM;1644278400;37710.594600817919678492;117852446.868749829712114783;0.0;109236.32752116752165758;2,599,188;109236.32752116752165758
19032;2/8/2022, 4:00:00 PM;1644364800;27618.659729649838355207;87581386.996959543448267298;0.0;73268.007252818722495641;2,660,411;73268.007252818722495641
19033;2/9/2022, 4:00:00 PM;1644451200;38349.817667905895279123;122114492.882535363025343153;0.0;110240.937923193691038707;2,736,552;110240.937923193691038707
19034;2/10/2022, 4:00:00 PM;1644537600;36856.956627520879562214;111647279.497751508468049299;0.0;103657.726138416615358544;2,819,315;103657.726138416615358544
19035;2/11/2022, 4:00:00 PM;1644624000;26266.211549765033115993;76691996.337996936076102257;0.0;73375.719826538811165968;2,888,755;73375.719826538811165968
19036;2/12/2022, 4:00:00 PM;1644710400;18837.495364889784829579;54676795.726571797334628051;0.0;43467.19120620735736719;2,939,668;43467.19120620735736719
19037;2/13/2022, 4:00:00 PM;1644796800;27662.247989481140351652;80092284.824670756773653428;0.0;77342.553651986577996297;3,007,081;77342.553651986577996297
19038;2/14/2022, 4:00:00 PM;1644883200;25967.602138526743708078;79979086.987557809716760777;0.0;68258.440801203078249828;3,071,299;68258.440801203078249828
19039;2/15/2022, 4:00:00 PM;1644969600;28406.219020586067052011;88804371.440086289497299205;0.0;75391.736672261769846877;3,135,732;75391.736672261769846877
19040;2/16/2022, 4:00:00 PM;1645056000;33771.742316031468444741;101322857.893185592973087058;0.0;85748.920155553612831403;3,201,636;85748.920155553612831403
19041;2/17/2022, 4:00:00 PM;1645142400;33342.252326487386696717;94566727.587713811025869418;0.0;72242.561403887162839951;3,260,599;72242.561403887162839951
19042;2/18/2022, 4:00:00 PM;1645228800;20877.393982842661476652;57746363.742023017314024911;0.0;44244.220076870239442664;3,311,051;44244.220076870239442664
19043;2/19/2022, 4:00:00 PM;1645315200;27820.562793491005132952;73712886.83389600347120594;0.0;53430.293991150730271807;3,367,919;53430.293991150730271807
19044;2/20/2022, 4:00:00 PM;1645401600;45985.493987110633704895;122486972.174767111563649543;0.0;90683.001979675369652796;3,442,412;90683.001979675369652796
19045;2/21/2022, 4:00:00 PM;1645488000;38960.778459941990100488;100405711.849179314137947052;0.0;72043.720845082270317154;3,509,355;72043.720845082270317154
19046;2/22/2022, 4:00:00 PM;1645574400;34848.591878068772295483;93098714.395430269124557095;0.0;69891.728523141815280151;3,570,963;69891.728523141815280151
19047;2/23/2022, 4:00:00 PM;1645660800;61665.500100098297982664;151286727.085886191194535134;0.0;110688.057829347047501394;3,653,906;110688.057829347047501394
19048;2/24/2022, 4:00:00 PM;1645747200;39697.568706522125365678;105931206.980843527018392036;0.0;73856.860801499120287932;3,718,999;73856.860801499120287932
19049;2/25/2022, 4:00:00 PM;1645833600;22344.587679056176393746;62309580.017947003093745136;0.0;42892.279751339887039756;3,761,524;42892.279751339887039756
19050;2/26/2022, 4:00:00 PM;1645920000;31218.455480492435751375;84529079.743002686788262804;0.0;60324.644570201335935511;3,816,695;60324.644570201335935511
19051;2/27/2022, 4:00:00 PM;1646006400;39762.623438537315248952;108073194.125322498086217041;0.0;76923.571374312755198234;3,883,980;76923.571374312755198234
19052;2/28/2022, 4:00:00 PM;1646092800;35142.891729279613448261;103319879.995907271438564026;0.0;78454.419454925132629633;3,955,609;78454.419454925132629633
19053;3/1/2022, 4:00:00 PM;1646179200;36675.699998534639331643;109019660.578182607445861888;0.0;82609.882953243279304149;4,027,147;82609.882953243279304149
19054;3/2/2022, 4:00:00 PM;1646265600;25662.118397371815330111;73806231.531159763004392072;0.0;55422.836109693778426695;4,079,038;55422.836109693778426695
19055;3/3/2022, 4:00:00 PM;1646352000;29985.406200212839890585;80891412.340928380643949956;0.0;63263.207292276914338273;4,139,036;63263.207292276914338273
19056;3/4/2022, 4:00:00 PM;1646438400;17004.128993040012593385;44915209.006567940906199582;0.0;35276.346961216603795911;4,178,373;35276.346961216603795911
19057;3/5/2022, 4:00:00 PM;1646524800;21880.157709614985901368;57411246.808484968320493494;0.0;42654.679935072331856489;4,225,499;42654.679935072331856489
19058;3/6/2022, 4:00:00 PM;1646611200;32286.36293084177734769;82057283.692125049104192781;0.0;61513.503837165433086526;4,290,368;61513.503837165433086526
19059;3/7/2022, 4:00:00 PM;1646697600;32614.097456914632503691;83497079.52097741689510219;0.0;60392.802381060270551001;4,349,745;60392.802381060270551001
19060;3/8/2022, 4:00:00 PM;1646784000;27334.691122564153331882;74009753.333266953738706946;0.0;55205.861256036512586164;4,406,784;55205.861256036512586164
19061;3/9/2022, 4:00:00 PM;1646870400;25968.395317196628240951;68038545.34366137647649143;0.0;48790.493794937600308816;4,450,036;48790.493794937600308816
19062;3/10/2022, 4:00:00 PM;1646956800;26238.092022146689378636;67890265.395156991269423909;0.0;47477.975052951248314457;4,490,556;47477.975052951248314457
19063;3/11/2022, 4:00:00 PM;1647043200;11453.152049183988780648;29592371.668052096431043554;0.0;21702.758008029560386062;4,517,531;21702.758008029560386062
19064;3/12/2022, 4:00:00 PM;1647129600;16959.654152183295877943;43507946.145712005906673713;0.0;31533.380388836824861745;4,549,940;31533.380388836824861745
19065;3/13/2022, 5:00:00 PM;1647216000;22488.991254085730771245;57589277.937183695858206803;0.0;42449.20115698275916892;4,596,961;42449.20115698275916892
19066;3/14/2022, 5:00:00 PM;1647302400;21899.410388381378760517;56452293.909330910296715056;0.0;43639.247824882528058051;4,641,786;43639.247824882528058051
19067;3/15/2022, 5:00:00 PM;1647388800;36157.238053977398488393;97151127.972728929013848234;0.0;76500.451500497004631401;4,704,840;76500.451500497004631401
19068;3/16/2022, 5:00:00 PM;1647475200;17965.078974617539408779;50082290.68738351294659199;0.0;38817.977847187820915748;4,748,068;38817.977847187820915748
19069;3/17/2022, 5:00:00 PM;1647561600;18807.918974046142587632;53698816.964752413058693985;0.0;44984.953173752014158909;4,795,749;44984.953173752014158909
19070;3/18/2022, 5:00:00 PM;1647648000;14807.416030404639170388;43658777.215681637301766681;0.0;36872.6164255042411323;4,839,375;36872.6164255042411323
19071;3/19/2022, 5:00:00 PM;1647734400;16335.174431760885935672;47254077.086663294189047992;0.0;35603.858654384454467491;4,883,568;35603.858654384454467491
19072;3/20/2022, 5:00:00 PM;1647820800;18358.21766246790375517;53224398.278504276168091009;0.0;53341.745938031839373309;4,935,066;53341.745938031839373309
19073;3/21/2022, 5:00:00 PM;1647907200;19816.746730895824276801;59265159.877693001435211185;0.0;50154.552352006717519645;4,986,958;50154.552352006717519645
19074;3/22/2022, 5:00:00 PM;1647993600;18446.418950536595901745;54911242.9440678271502667;0.0;54710.496459050893161429;5,033,572;54710.496459050893161429
19075;3/23/2022, 5:00:00 PM;1648080000;24461.855914750808804169;74930344.811025627286320429;0.0;63176.236020509016200878;5,091,540;63176.236020509016200878
19076;3/24/2022, 5:00:00 PM;1648166400;22207.759681086287500843;69537088.019591088107825675;0.0;60854.784160916202782564;5,146,300;60854.784160916202782564
19077;3/25/2022, 5:00:00 PM;1648252800;11560.658622518927913203;36078714.021029121231828825;0.0;35964.308809737214537682;5,183,357;35964.308809737214537682
19078;3/26/2022, 5:00:00 PM;1648339200;15589.059998788377084346;49766497.684321246970122709;0.0;47446.302038595824863558;5,227,362;47446.302038595824863558
19079;3/27/2022, 5:00:00 PM;1648425600;22426.386134824773253622;75215446.643581062220099076;0.0;60457.047849825729683944;5,288,552;60457.047849825729683944
19080;3/28/2022, 5:00:00 PM;1648512000;23241.461510303111410589;79245461.767550967054686555;0.0;65451.032046490523534446;5,355,707;65451.032046490523534446
19081;3/29/2022, 5:00:00 PM;1648598400;22621.271792010358519504;76628572.548626154572452027;0.0;64209.187659433326177129;5,420,823;64209.187659433326177129
19082;3/30/2022, 5:00:00 PM;1648684800;28736.61718294775658509;96493194.04423056501071388;0.0;91343.706748183511921885;5,491,765;91343.706748183511921885
19083;3/31/2022, 5:00:00 PM;1648771200;26780.502451188385726993;89544151.989027594199310142;0.0;85543.57589443612294391;5,563,331;85543.57589443612294391
19084;4/1/2022, 5:00:00 PM;1648857600;23898.985566971821728387;83092773.398332442009607352;0.0;80325.52088174202716039;5,629,151;80325.52088174202716039
19085;4/2/2022, 5:00:00 PM;1648944000;17734.136386797608987621;61915655.569528882578523406;0.0;58540.510247074522016491;5,681,776;58540.510247074522016491
19086;4/3/2022, 5:00:00 PM;1649030400;20661.025286899545240243;71860744.203369315369330052;0.0;60443.022621754554071891;5,739,851;60443.022621754554071891
19087;4/4/2022, 5:00:00 PM;1649116800;17160.141776464745550958;59694748.274426750783954833;0.0;52400.983103190086061289;5,796,053;52400.983103190086061289
19088;4/5/2022, 5:00:00 PM;1649203200;34103.357300092194956963;111471699.007996272977245286;0.0;86818.637243794918322692;5,874,414;86818.637243794918322692
19089;4/6/2022, 5:00:00 PM;1649289600;23835.255784930269699253;76424091.779805902854567606;0.0;60401.347998214404527472;5,940,821;60401.347998214404527472
19090;4/7/2022, 5:00:00 PM;1649376000;23216.603658698115844956;75484018.766152429275318473;0.0;62061.203202844976586951;6,003,367;62061.203202844976586951
19091;4/8/2022, 5:00:00 PM;1649462400;13242.465052067606722143;42590732.348577935812879219;0.0;35905.033571907334807014;6,046,262;35905.033571907334807014
19092;4/9/2022, 5:00:00 PM;1649548800;12128.321517197813851413;39492991.589070100206877156;0.0;35072.741422878155761352;6,088,899;35072.741422878155761352
19093;4/10/2022, 5:00:00 PM;1649635200;31151.858797960004492557;95511510.075693233483598875;0.0;76153.247109767172549357;6,164,026;76153.247109767172549357
19094;4/11/2022, 5:00:00 PM;1649721600;30346.722868400610256;91655860.560842185288092308;0.0;74753.021725339216773577;6,237,138;74753.021725339216773577
19095;4/12/2022, 5:00:00 PM;1649808000;21410.102940194455238548;65606231.4036549233981556;0.0;54074.046757613055376825;6,296,633;54074.046757613055376825
19096;4/13/2022, 5:00:00 PM;1649894400;19219.377971822613856771;58869392.168325041298938416;0.0;47130.556676933841816699;6,349,376;47130.556676933841816699
19097;4/14/2022, 5:00:00 PM;1649980800;13109.244903051399877734;39703701.665944798686385618;0.0;38570.81193843002446594;6,397,258;38570.81193843002446594
19098;4/15/2022, 5:00:00 PM;1650067200;10130.210604019183496082;30774857.797537662865168306;0.0;26849.985617500902665198;6,438,664;26849.985617500902665198
19099;4/16/2022, 5:00:00 PM;1650153600;13022.152052949736674078;39647563.846501444586920528;0.0;34848.668279409749786613;6,487,210;34848.668279409749786613
19100;4/17/2022, 5:00:00 PM;1650240000;26717.730707386278733402;79013100.23009037916454841;0.0;63982.060843260277595074;6,554,677;63982.060843260277595074
19101;4/18/2022, 5:00:00 PM;1650326400;19882.564122272551091914;61165536.63357632621992639;0.0;48372.7463591752032603;6,609,491;48372.7463591752032603
19102;4/19/2022, 5:00:00 PM;1650412800;23205.585506440400282537;71790951.424476053942407227;0.0;59930.931282833660540399;6,672,026;59930.931282833660540399
19103;4/20/2022, 5:00:00 PM;1650499200;24037.123510754298244856;74035565.030431104052690228;0.0;63809.523662007367577923;6,740,331;63809.523662007367577923
19104;4/21/2022, 5:00:00 PM;1650585600;33924.018684642947858389;101362845.370689888590086965;0.0;75106.492963358253340331;6,822,563;75106.492963358253340331
19105;4/22/2022, 5:00:00 PM;1650672000;13735.015679532447449668;40617218.9465973494799469;0.0;35174.385812829665383362;6,874,577;35174.385812829665383362
19106;4/23/2022, 5:00:00 PM;1650758400;14553.468384582313789717;42805369.778501646737334081;0.0;35870.776047070511069157;6,923,489;35870.776047070511069157
19107;4/24/2022, 5:00:00 PM;1650844800;27170.230436921874427265;78391711.740267336850386163;0.0;59249.62902572186657446;6,992,951;59249.62902572186657446
19108;4/25/2022, 5:00:00 PM;1650931200;27280.391923152513484805;79179200.684770298025133073;0.0;60159.515799637961706361;7,063,879;60159.515799637961706361
19109;4/26/2022, 5:00:00 PM;1651017600;26497.39571997507486781;75920740.148728868496237947;0.0;55739.008571693577472054;7,131,389;55739.008571693577472054
19110;4/27/2022, 5:00:00 PM;1651104000;32971.905604903183248635;96299761.391678476714992097;0.0;74103.697193810090989024;7,207,452;74103.697193810090989024
19111;4/28/2022, 5:00:00 PM;1651190400;31399.964058708085571017;89792797.900930973665561713;0.0;65952.22132418179097696;7,288,523;65952.22132418179097696
19112;4/29/2022, 5:00:00 PM;1651276800;26848.505686168479715431;75135867.926328346405450097;0.0;55987.81850444423861871;7,372,195;55987.81850444423861871
19113;4/30/2022, 5:00:00 PM;1651363200;34570.603392247349983875;96121593.061441811957656908;0.0;72820.244145158936666938;7,465,744;72820.244145158936666938
19114;5/1/2022, 5:00:00 PM;1651449600;32209.465987667430789875;91031755.651164798119677216;0.0;78193.780041911319101795;7,557,455;78193.780041911319101795
19115;5/2/2022, 5:00:00 PM;1651536000;23716.940334826521799956;66855364.830772328840401955;0.0;54990.747204911360541716;7,626,809;54990.747204911360541716
19116;5/3/2022, 5:00:00 PM;1651622400;31020.62948535604543769;88805605.982171741183052275;0.0;78580.092621087806234603;7,710,208;78580.092621087806234603
19117;5/4/2022, 5:00:00 PM;1651708800;38028.290614533507780065;106779388.931272780679445368;0.0;80290.214415548963789867;7,805,007;80290.214415548963789867
19118;5/5/2022, 5:00:00 PM;1651795200;42545.731117896545877312;114859220.338657665393392069;0.0;79597.103368261993551567;7,895,410;79597.103368261993551567
19119;5/6/2022, 5:00:00 PM;1651881600;28314.286732642680731323;75532669.411210571220693572;0.0;54233.003239771459928891;7,970,497;54233.003239771459928891
19120;5/7/2022, 5:00:00 PM;1651968000;39300.098756879682124416;100194342.135682922766520664;0.0;67957.890903710565558287;8,059,607;67957.890903710565558287
19121;5/8/2022, 5:00:00 PM;1652054400;92782.94080378992135397;219056846.737218408289530553;0.0;143476.715103748291679398;8,197,663;143476.715103748291679398
19122;5/9/2022, 5:00:00 PM;1652140800;96223.451919685016982688;225806907.757947900394165123;0.0;143448.02121991902750745;8,356,995;143448.02121991902750745
19123;5/10/2022, 5:00:00 PM;1652227200;153560.465789913938514762;346936058.594602863297256159;0.0;238560.889637316871307398;8,538,312;238560.889637316871307398
19124;5/11/2022, 5:00:00 PM;1652313600;134185.73516231862393421;258746214.072564592970309625;0.0;189533.090282314982053298;8,700,192;189533.090282314982053298
19125;5/12/2022, 5:00:00 PM;1652400000;77437.070716184026105565;160480536.953283398910496665;0.0;112009.874291677506257141;8,852,103;112009.874291677506257141
19126;5/13/2022, 5:00:00 PM;1652486400;44779.687414211494964513;90153012.527013851711749959;0.0;64551.676230433908154894;8,971,386;64551.676230433908154894
19127;5/14/2022, 5:00:00 PM;1652572800;33226.764027462261767861;68853948.474191940787590651;0.0;49204.612853588464089217;9,061,417;49204.612853588464089217
19128;5/15/2022, 5:00:00 PM;1652659200;41932.20731935688108899;85244574.248697513442951295;0.0;67693.636513521045492985;9,162,647;67693.636513521045492985
19129;5/16/2022, 5:00:00 PM;1652745600;34878.456744190927139088;71981400.612059080131506573;0.0;52659.973230730647219146;9,252,023;52659.973230730647219146
19130;5/17/2022, 5:00:00 PM;1652832000;37949.042028406854332403;75753121.892787064567777962;0.0;53117.139063115865794618;9,342,343;53117.139063115865794618
19131;5/18/2022, 5:00:00 PM;1652918400;40973.917500764341442181;80671373.415743304101772089;0.0;54807.368177295465321444;9,445,713;54807.368177295465321444
19132;5/19/2022, 5:00:00 PM;1653004800;39374.106208649238980084;78518626.946713332628917136;0.0;52599.898988229319780004;9,549,180;52599.898988229319780004
19133;5/20/2022, 5:00:00 PM;1653091200;21535.583904451258523548;42363434.306832816113574573;0.0;27799.225202677389367865;9,621,747;27799.225202677389367865
19134;5/21/2022, 5:00:00 PM;1653177600;22391.280133171290185882;44864089.090816999779071104;0.0;31078.092470629570102717;9,694,110;31078.092470629570102717
19135;5/22/2022, 5:00:00 PM;1653264000;37431.082562890946500516;76182298.702624495665338592;0.0;51432.06506485594590442;9,788,231;51432.06506485594590442
19136;5/23/2022, 5:00:00 PM;1653350400;33546.72497963737947037;65781312.181739266918195251;0.0;43298.290615381096934891;9,868,731;43298.290615381096934891
19137;5/24/2022, 5:00:00 PM;1653436800;34837.07694922476394761;68615804.566763200823939754;0.0;44560.769375755163500246;9,944,651;44560.769375755163500246
19138;5/25/2022, 5:00:00 PM;1653523200;52048.830199432874602146;96431401.85709660168094675;0.0;65360.360498616555833637;10,042,562;65360.360498616555833637
19139;5/26/2022, 5:00:00 PM;1653609600;61118.097385367536462621;107559694.628433214926302934;0.0;69741.660418762098162754;10,145,827;69741.660418762098162754
19140;5/27/2022, 5:00:00 PM;1653696000;25922.321286146068788269;45814671.390401053085539665;0.0;30615.148208897672159916;10,208,141;30615.148208897672159916
19141;5/28/2022, 5:00:00 PM;1653782400;19493.968757671062183036;34945485.113005190710162409;0.0;23817.538426232671604851;10,259,418;23817.538426232671604851
19142;5/29/2022, 5:00:00 PM;1653868800;40696.94280056393066273;77810582.031599905842242483;0.0;51120.786280967918389047;10,343,063;51120.786280967918389047
19143;5/30/2022, 5:00:00 PM;1653955200;42754.214892592430465702;84072007.160361669574430009;0.0;54734.680132479932367353;10,436,508;54734.680132479932367353
19144;5/31/2022, 5:00:00 PM;1654041600;46329.041614304299363782;87448821.962600416923931318;0.0;60337.082889919355016051;10,531,035;60337.082889919355016051
19145;6/1/2022, 5:00:00 PM;1654128000;34724.131002129807331897;63125501.370094929963076499;0.0;43849.402949171121803815;10,604,411;43849.402949171121803815
19146;6/2/2022, 5:00:00 PM;1654214400;29202.530555122234960713;51927160.794261645327142171;0.0;35273.618783160893163663;10,668,078;35273.618783160893163663
19147;6/3/2022, 5:00:00 PM;1654300800;16292.279074031056088003;28866844.007191907961118859;0.0;21855.28651094030810929;10,720,502;21855.28651094030810929
19148;6/4/2022, 5:00:00 PM;1654387200;16012.424365640833098953;28815085.442521463759375943;0.0;21176.769986947692983014;10,772,030;21176.769986947692983014
19149;6/5/2022, 5:00:00 PM;1654473600;33067.082106556101673073;62019909.469064666185713455;0.0;42398.951973443696264781;10,851,272;42398.951973443696264781
19150;6/6/2022, 5:00:00 PM;1654560000;48471.796920521119140511;86634773.325825276539237192;0.0;60028.942373447282576068;10,937,946;60028.942373447282576068
19151;6/7/2022, 5:00:00 PM;1654646400;41157.919458361865763915;74131540.802985228470920342;0.0;50806.319250212440513255;11,018,208;50806.319250212440513255
19152;6/8/2022, 5:00:00 PM;1654732800;30753.60972318656962544;55283863.740237037685058778;0.0;37481.95738016873223307;11,088,693;37481.95738016873223307
19153;6/9/2022, 5:00:00 PM;1654819200;55927.482171492437486905;96993532.950566887698313095;0.0;65020.765737347777223241;11,177,393;65020.765737347777223241
19154;6/10/2022, 5:00:00 PM;1654905600;52918.995177695297673723;83060056.385007656098636999;0.0;54484.396706029886880995;11,265,288;54484.396706029886880995
19155;6/11/2022, 5:00:00 PM;1654992000;64466.35637629755956597;95377536.598282781915645598;0.0;62066.786775904306929424;11,363,241;62066.786775904306929424
19156;6/12/2022, 5:00:00 PM;1655078400;158623.994059937792086222;200426670.759410912127929882;0.0;141065.893273787259887499;11,524,624;141065.893273787259887499
19157;6/13/2022, 5:00:00 PM;1655164800;125324.851052011206177569;148866731.222744953212548048;0.0;108057.008836645452515356;11,671,717;108057.008836645452515356
19158;6/14/2022, 5:00:00 PM;1655251200;126348.198867456412391617;142190341.606418696361328657;0.0;109436.889188347136771212;11,830,575;109436.889188347136771212
19159;6/15/2022, 5:00:00 PM;1655337600;70157.211182285392265544;79956351.089025519884357632;0.0;57931.54328445371838139;11,953,212;57931.54328445371838139
19160;6/16/2022, 5:00:00 PM;1655424000;45246.232594423887999147;49186025.282986759006573604;0.0;35437.848322274672960828;12,043,799;35437.848322274672960828
19161;6/17/2022, 5:00:00 PM;1655510400;100397.4741599112228855;98246513.375327163224399558;0.0;71394.836003224977827658;12,149,305;71394.836003224977827658
19162;6/18/2022, 5:00:00 PM;1655596800;76967.875878399782540207;79576186.879831346120519744;0.0;61665.790795557064715073;12,271,273;61665.790795557064715073
19163;6/19/2022, 5:00:00 PM;1655683200;65035.158024156427667082;72025121.27432593142571517;0.0;59122.676983414616028846;12,384,589;59122.676983414616028846
19164;6/20/2022, 5:00:00 PM;1655769600;57457.32212213508686468;65880034.3554341277469099;0.0;47234.16389115442659611;12,486,664;47234.16389115442659611
19165;6/21/2022, 5:00:00 PM;1655856000;60343.468080660077316711;65491332.739242913449580861;0.0;47142.779721945950730476;12,605,888;47142.779721945950730476
19166;6/22/2022, 5:00:00 PM;1655942400;71375.465950313096075583;78875414.682208587050397358;0.0;53522.847599817986835854;12,730,746;53522.847599817986835854
19167;6/23/2022, 5:00:00 PM;1656028800;70770.203204301325526808;83632550.169156962308354614;0.0;55097.642500296682853392;12,855,200;55097.642500296682853392
19168;6/24/2022, 5:00:00 PM;1656115200;50740.200519026888814297;61655007.179982048916833169;0.0;39511.514597728146695136;12,953,152;39511.514597728146695136
19169;6/25/2022, 5:00:00 PM;1656201600;42962.320879645820754829;53002040.756043624642380534;0.0;35253.443408447701711717;13,042,844;35253.443408447701711717
19170;6/26/2022, 5:00:00 PM;1656288000;44681.417941742417385226;53897847.627219080594510242;0.0;35948.866745716347339116;13,146,539;35948.866745716347339116
19171;6/27/2022, 5:00:00 PM;1656374400;50813.078670469882251313;60489284.620049412342573166;0.0;40006.796916762651055555;13,257,109;40006.796916762651055555
19172;6/28/2022, 5:00:00 PM;1656460800;64022.381278333347157308;71686830.184454901623716106;0.0;45664.230245821381590608;13,385,905;45664.230245821381590608
19173;6/29/2022, 5:00:00 PM;1656547200;61571.692637796293993355;64284845.708439611032714684;0.0;45942.310529168164946907;13,511,060;45942.310529168164946907
19174;6/30/2022, 5:00:00 PM;1656633600;60361.759747195310834296;64337728.905237641885923837;0.0;47276.944923796233330746;13,609,784;47276.944923796233330746
19175;7/1/2022, 5:00:00 PM;1656720000;31209.766697175819962257;32803587.872978716811230814;0.0;22427.613834962269936323;13,670,346;22427.613834962269936323
19176;7/2/2022, 5:00:00 PM;1656806400;27708.007765200096799707;29375053.236318526318574238;0.0;21086.862907179941181253;13,726,319;21086.862907179941181253
19177;7/3/2022, 5:00:00 PM;1656892800;33301.228446781527849349;36522785.536556279786420145;0.0;26085.472943750761865538;13,791,486;26085.472943750761865538
19178;7/4/2022, 5:00:00 PM;1656979200;49975.683315802038332624;56491850.974979189714068838;0.0;40800.010815680412970947;13,894,392;40800.010815680412970947
19179;7/5/2022, 5:00:00 PM;1657065600;47532.870557238681360165;54316374.798868126762522221;0.0;36737.03740118740505583;13,991,370;36737.03740118740505583
19180;7/6/2022, 5:00:00 PM;1657152000;37470.170655332165542843;45119896.18347066961094767;0.0;31153.844811705813103493;14,075,491;31153.844811705813103493
19181;7/7/2022, 5:00:00 PM;1657238400;56257.533899992746353223;69351175.878324679716214177;0.0;47784.385938817321598969;14,179,746;47784.385938817321598969
19182;7/8/2022, 5:00:00 PM;1657324800;26771.359253415971114829;32576024.314912075465461695;0.0;21880.52379120219505632;14,240,195;21880.52379120219505632
19183;7/9/2022, 5:00:00 PM;1657411200;28211.155954096552372974;33297302.011331387227695474;0.0;23389.027139790889854372;14,301,100;23389.027139790889854372
19184;7/10/2022, 5:00:00 PM;1657497600;41412.650049288278849385;47203137.413597190111829825;0.0;33579.537497269482042764;14,392,965;33579.537497269482042764
19185;7/11/2022, 5:00:00 PM;1657584000;46782.064312576188043871;50005416.581129873448818959;0.0;37545.861315043185867307;14,490,787;37545.861315043185867307
19186;7/12/2022, 5:00:00 PM;1657670400;67633.365632756371208518;72123010.088994220585690669;0.0;54388.226022785796822103;14,589,713;54388.226022785796822103
19187;7/13/2022, 5:00:00 PM;1657756800;73992.310464785498194743;83410501.408574805959857392;0.0;63060.728783506351895895;14,706,943;63060.728783506351895895
19188;7/14/2022, 5:00:00 PM;1657843200;64986.829907881433051949;79442317.059411423334204394;0.0;58979.379400229233321873;14,818,874;58979.379400229233321873
19189;7/15/2022, 5:00:00 PM;1657929600;49960.382047624375183052;63947263.876156252182947011;0.0;47797.446032845384347711;14,908,416;47797.446032845384347711
19190;7/16/2022, 5:00:00 PM;1658016000;52886.688452347964249096;71549558.079594840998531302;0.0;53860.7189242309496454;15,007,407;53860.7189242309496454
19191;7/17/2022, 5:00:00 PM;1658102400;95863.064965183358579689;140811577.570299209780787751;0.0;110790.070329899869034153;15,159,008;110790.070329899869034153
19192;7/18/2022, 5:00:00 PM;1658188800;85153.443087498181123305;131865781.301126694776945455;0.0;98909.397498242281553192;15,287,093;98909.397498242281553192
19193;7/19/2022, 5:00:00 PM;1658275200;76469.213767409862050669;119053329.215899843296283941;0.0;92194.772904675426927177;15,411,386;92194.772904675426927177
19194;7/20/2022, 5:00:00 PM;1658361600;63982.168700208393622322;97257843.38450772866131056;0.0;77152.909824020691447994;15,528,455;77152.909824020691447994
19195;7/21/2022, 5:00:00 PM;1658448000;52916.823883687817409614;84034062.92175438707410165;0.0;60329.373426616002550041;15,621,940;60329.373426616002550041
19196;7/22/2022, 5:00:00 PM;1658534400;41660.263136581516768471;64146371.289935676024523184;0.0;46761.861183262856056117;15,699,019;46761.861183262856056117
19197;7/23/2022, 5:00:00 PM;1658620800;56719.231302669654377606;90771578.521656915905368759;0.0;64079.925930680245170857;15,777,898;64079.925930680245170857
19198;7/24/2022, 5:00:00 PM;1658707200;62919.318356307922325633;95514755.586977657614596777;0.0;71438.449823309693641796;15,872,308;71438.449823309693641796
19199;7/25/2022, 5:00:00 PM;1658793600;59583.049128977699826422;83369457.500244563054017611;0.0;60584.027066105775494912;15,964,146;60584.027066105775494912
19200;7/26/2022, 5:00:00 PM;1658880000;69613.278393832515600433;105925115.91479865354886582;0.0;78878.88899048017335865;16,067,570;78878.88899048017335865
19201;7/27/2022, 5:00:00 PM;1658966400;74965.537142156412919071;125551233.528005427466789364;0.0;98437.594551587211372807;16,191,723;98437.594551587211372807
19202;7/28/2022, 5:00:00 PM;1659052800;76183.705101305308619621;130499731.908292651745892916;0.0;99448.016390933685652642;16,310,895;99448.016390933685652642
19203;7/29/2022, 5:00:00 PM;1659139200;45821.206167049236965331;78400115.833808097349835233;0.0;57083.61832308349383884;16,390,459;57083.61832308349383884
19204;7/30/2022, 5:00:00 PM;1659225600;47247.113121871552291526;80546717.60925006596069019;0.0;67027.621460463721843018;16,477,437;67027.621460463721843018
19205;7/31/2022, 5:00:00 PM;1659312000;50959.814661443880098106;84685136.654549443569747536;0.0;62805.790491979239690913;16,561,429;62805.790491979239690913
19206;8/1/2022, 5:00:00 PM;1659398400;66419.354588727635143314;107190136.051628744653710802;0.0;72664.966207910397122393;16,642,615;72664.966207910397122393
19207;8/2/2022, 5:00:00 PM;1659484800;44002.815944923053961698;72213937.493970289067710758;0.0;50312.08789517176711027;16,717,000;50312.08789517176711027
19208;8/3/2022, 5:00:00 PM;1659571200;45677.374854714125342654;73928640.393656682881578089;0.0;49487.012411090999314423;16,793,353;49487.012411090999314423
19209;8/4/2022, 5:00:00 PM;1659657600;52586.455107708189107928;88281863.966508134737576566;0.0;63618.946787600144472377;16,875,055;63618.946787600144472377
19210;8/5/2022, 5:00:00 PM;1659744000;27394.849883462758491616;47102008.951342765693314956;0.0;31115.751221669812721711;16,931,475;31115.751221669812721711
19211;8/6/2022, 5:00:00 PM;1659830400;24177.342356450810712712;41025484.348847750356330056;0.0;30749.725240923990981835;16,979,315;30749.725240923990981835
19212;8/7/2022, 5:00:00 PM;1659916800;39723.504629342672146275;69997737.285192113372244216;0.0;53390.149313960072696442;17,050,196;53390.149313960072696442
19213;8/8/2022, 5:00:00 PM;1660003200;38669.714154461619134472;66717450.218077563226212242;0.0;45714.500923051770708634;17,113,642;45714.500923051770708634
19214;8/9/2022, 5:00:00 PM;1660089600;61785.137408671534906623;109866621.287200120034640735;0.0;80513.537011807050885166;17,193,755;80513.537011807050885166
19215;8/10/2022, 5:00:00 PM;1660176000;53634.918967659561269064;101599199.9115475260761683;0.0;71284.928131396800201421;17,278,010;71284.928131396800201421
19216;8/11/2022, 5:00:00 PM;1660262400;40464.907214780268605492;76732888.956613591499428668;0.0;53598.380840441398610325;17,351,686;53598.380840441398610325
19217;8/12/2022, 5:00:00 PM;1660348800;54049.568379263375021553;107330302.665433492770812599;0.0;68983.307695588133727901;17,450,129;68983.307695588133727901
19218;8/13/2022, 5:00:00 PM;1660435200;49833.024455223342059238;98184911.199675021656191889;0.0;62455.025481134556678929;17,528,043;62455.025481134556678929
19219;8/14/2022, 5:00:00 PM;1660521600;70357.688689563722692276;135039113.708860508583038001;0.0;86197.992572098221315913;17,624,409;86197.992572098221315913
19220;8/15/2022, 5:00:00 PM;1660608000;52741.638897030304756188;99367904.197194324745718682;0.0;63142.776765410468443076;17,710,353;63142.776765410468443076
19221;8/16/2022, 5:00:00 PM;1660694400;67863.578824606313052141;126939338.337750772799883524;0.0;81936.6280876415581652;17,807,810;81936.6280876415581652
19222;8/17/2022, 5:00:00 PM;1660780800;42911.639450010335708608;79693764.463848002079362744;0.0;49720.063374880916909155;17,886,878;49720.063374880916909155
19223;8/18/2022, 5:00:00 PM;1660867200;79009.459288485517811315;136595098.432975782371524817;0.0;93159.517085756493100428;18,015,788;93159.517085756493100428
19224;8/19/2022, 5:00:00 PM;1660953600;53351.719390808298207665;85703125.417993513444962229;0.0;60343.146387035411834116;18,113,111;60343.146387035411834116
19225;8/20/2022, 5:00:00 PM;1661040000;45188.837658220622524479;72736183.838201971458157052;0.0;51415.518855935845688274;18,197,538;51415.518855935845688274
19226;8/21/2022, 5:00:00 PM;1661126400;61348.312188420628140295;96714102.753868168510593992;0.0;64536.78237315542330542;18,297,493;64536.78237315542330542
19227;8/22/2022, 5:00:00 PM;1661212800;53417.088450770107074271;86738939.984885121484231783;0.0;57306.028670157139389383;18,392,476;57306.028670157139389383
19228;8/23/2022, 5:00:00 PM;1661299200;47083.638103176924825824;77690720.151572158514056669;0.0;51983.350956036078649462;18,473,630;51983.350956036078649462
19229;8/24/2022, 5:00:00 PM;1661385600;34436.540976017135016055;58419502.184583311196588214;0.0;39430.417413320222899241;18,543,763;39430.417413320222899241
19230;8/25/2022, 5:00:00 PM;1661472000;84320.141500299466516049;136586082.187625089338502603;0.0;95232.833392709913271251;18,646,954;95232.833392709913271251
19231;8/26/2022, 5:00:00 PM;1661558400;61261.281434728033691157;91181832.59187422138884504;0.0;61633.835502054056498549;18,736,592;61633.835502054056498549
19232;8/27/2022, 5:00:00 PM;1661644800;43506.637188521069120911;64409828.41708059909465639;0.0;44006.267583666674490645;18,813,229;44006.267583666674490645
19233;8/28/2022, 5:00:00 PM;1661731200;53567.829502751421951222;79921742.51783288613128628;0.0;51960.047693870887820527;18,901,697;51960.047693870887820527
19234;8/29/2022, 5:00:00 PM;1661817600;70377.279160116468066671;108861991.105957306861368705;0.0;72269.650161104693941155;18,995,715;72269.650161104693941155
19235;8/30/2022, 5:00:00 PM;1661904000;78850.400032494608453485;124192100.465933422808849847;0.0;81240.531595665272467843;19,092,912;81240.531595665272467843
19236;8/31/2022, 5:00:00 PM;1661990400;71951.684517756377876577;111836405.909655886364324799;0.0;76433.48276781646584046;19,201,898;76433.48276781646584046
19237;9/1/2022, 5:00:00 PM;1662076800;59381.783110506932190452;94894928.041954067979854081;0.0;64683.01153567877789234;19,294,525;64683.01153567877789234
19238;9/2/2022, 5:00:00 PM;1662163200;30544.369868359339309421;47510677.653946632368271528;0.0;30170.075848746583837171;19,355,157;30170.075848746583837171
19239;9/3/2022, 5:00:00 PM;1662249600;28356.264633007087157891;44262541.604259976119698724;0.0;28934.802800251425187802;19,412,110;28934.802800251425187802
19240;9/4/2022, 5:00:00 PM;1662336000;35155.89165074291216449;55617428.999117057126089929;0.0;35782.450610355543653316;19,482,962;35782.450610355543653316
19241;9/5/2022, 5:00:00 PM;1662422400;76749.255499262893068415;125042765.780878554982220785;0.0;85610.905590443937557176;19,602,207;85610.905590443937557176
19242;9/6/2022, 5:00:00 PM;1662508800;64448.905048063955028332;100545256.457734530299642826;0.0;67360.0616324784137747;19,701,136;67360.0616324784137747
19243;9/7/2022, 5:00:00 PM;1662595200;59862.110223637270602331;97484079.84518116828218729;0.0;63378.103037995330595824;19,796,810;63378.103037995330595824
19244;9/8/2022, 5:00:00 PM;1662681600;63275.681181835216772225;107610042.155053862006765629;0.0;72386.906640059302250195;19,895,505;72386.906640059302250195
19245;9/9/2022, 5:00:00 PM;1662768000;45664.427111958109803891;79221543.128932336721996753;0.0;52207.32385791159553737;19,976,495;52207.32385791159553737
19246;9/10/2022, 5:00:00 PM;1662854400;36802.482465903550408477;64705909.731379315143532663;0.0;42745.43582977803601481;20,046,053;42745.43582977803601481
19247;9/11/2022, 5:00:00 PM;1662940800;68582.589574914549370557;119082698.706729432278907153;0.0;80875.575933648857916497;20,162,894;80875.575933648857916497
19248;9/12/2022, 5:00:00 PM;1663027200;100238.568018245906401055;165890970.453758960957727415;0.0;112882.55980670593974615;20,296,712;112882.55980670593974615
19249;9/13/2022, 5:00:00 PM;1663113600;62196.984261937306981038;99322242.376081691900647493;0.0;63589.211054360190464779;20,398,680;63589.211054360190464779
19250;9/14/2022, 5:00:00 PM;1663200000;107127.474151203246705007;168313941.27597441124821555;0.0;106282.341304777246122191;20,531,752;106282.341304777246122191
19251;9/15/2022, 5:00:00 PM;1663286400;66739.110615207243654828;96755867.586324381299969678;0.0;60622.086812752455529934;20,631,356;60622.086812752455529934
19252;9/16/2022, 5:00:00 PM;1663372800;32769.607128560268078985;47399464.566750035646672193;0.0;31384.186917657276905882;20,691,835;31384.186917657276905882
19253;9/17/2022, 5:00:00 PM;1663459200;68849.882551560805621124;96251338.877114845821380172;0.0;62615.71205471891609231;20,784,580;62615.71205471891609231
19254;9/18/2022, 5:00:00 PM;1663545600;92590.726176024286364369;123192825.164576517260927506;0.0;84442.097818027596487283;20,914,183;84442.097818027596487283
19255;9/19/2022, 5:00:00 PM;1663632000;68294.538192259780862822;92330191.736616567071494765;0.0;63620.311308855831024599;21,022,176;63620.311308855831024599
19256;9/20/2022, 5:00:00 PM;1663718400;109825.818978737467243314;146384403.044766655746288533;0.0;108477.259689260735369022;21,166,492;108477.259689260735369022
19257;9/21/2022, 5:00:00 PM;1663804800;70644.950282184109493437;91015548.76480230629384855;0.0;62963.259434569416342469;21,301,526;62963.259434569416342469
19258;9/22/2022, 5:00:00 PM;1663891200;100540.594276762436682008;131258608.178329451408685137;0.0;86678.736737791106594175;21,458,619;86678.736737791106594175
19259;9/23/2022, 5:00:00 PM;1663977600;40348.800476979231598043;53597659.810017161227725552;0.0;34998.842204856112144402;21,554,985;34998.842204856112144402
19260;9/24/2022, 5:00:00 PM;1664064000;43019.590961245320720424;56206943.718837306930036136;0.0;39091.228611252723392733;21,647,024;39091.228611252723392733
19261;9/25/2022, 5:00:00 PM;1664150400;69739.290387702997698301;91443708.574025682530852981;0.0;62296.218993380060782739;21,768,727;62296.218993380060782739
19262;9/26/2022, 5:00:00 PM;1664236800;71395.261513394350547598;96976687.569171216593233648;0.0;72033.361971271736742668;21,899,188;72033.361971271736742668
19263;9/27/2022, 5:00:00 PM;1664323200;82173.90520101858932896;107446495.886998740336436767;0.0;81162.339107140176598989;22,020,037;81162.339107140176598989
19264;9/28/2022, 5:00:00 PM;1664409600;68493.523824390665161963;90994418.126413174270088383;0.0;67730.608528625540877176;22,128,667;67730.608528625540877176
19265;9/29/2022, 5:00:00 PM;1664496000;103946.809529473728347793;139112200.125839907351844244;0.0;93979.768387603080444562;22,251,637;93979.768387603080444562
19266;9/30/2022, 5:00:00 PM;1664582400;27255.811189897016350185;36016694.988664299535784844;0.0;23701.133787388968869953;22,318,384;23701.133787388968869953
19267;10/1/2022, 5:00:00 PM;1664668800;43548.278209669221344985;56565639.31149863111126312;0.0;39317.007411540514941323;22,397,050;39317.007411540514941323
19268;10/2/2022, 5:00:00 PM;1664755200;64391.030719498628051554;83919013.360184835104832077;0.0;56456.755893198781692302;22,505,403;56456.755893198781692302
19269;10/3/2022, 5:00:00 PM;1664841600;55574.511631395241443206;74829588.481488745720137687;0.0;52683.300394722378252254;22,608,327;52683.300394722378252254
19270;10/4/2022, 5:00:00 PM;1664928000;64469.539944171907873236;86623626.840721525500248072;0.0;59161.581977022548289297;22,715,620;59161.581977022548289297
19271;10/5/2022, 5:00:00 PM;1665014400;60911.952854183392412636;83117829.422053122847420067;0.0;58818.598824515555774496;22,820,277;58818.598824515555774496
19272;10/6/2022, 5:00:00 PM;1665100800;45837.020650702486898506;61527273.150812550527555371;0.0;42763.185462750132711639;22,903,569;42763.185462750132711639
19273;10/7/2022, 5:00:00 PM;1665187200;20102.679949070604331294;26651255.727991960296063164;0.0;19296.231912406327417759;22,964,940;19296.231912406327417759
19274;10/8/2022, 5:00:00 PM;1665273600;20584.111320528979354888;27154677.711164109023470903;0.0;23086.016885695368246163;23,024,023;23086.016885695368246163
19275;10/9/2022, 5:00:00 PM;1665360000;49719.034062461818193062;65183359.285350711861044405;0.0;45047.465855856414275087;23,122,637;45047.465855856414275087
19276;10/10/2022, 5:00:00 PM;1665446400;49097.084699499089919144;62917158.292049934512112925;0.0;46671.30334834616971107;23,229,814;46671.30334834616971107
19277;10/11/2022, 5:00:00 PM;1665532800;37826.833116169232993927;48936760.784883264230509089;0.0;34109.05502354519350726;23,319,547;34109.05502354519350726
19278;10/12/2022, 5:00:00 PM;1665619200;81673.119905351442429732;102539387.721824667210684436;0.0;79710.893461635090039798;23,421,959;79710.893461635090039798
19279;10/13/2022, 5:00:00 PM;1665705600;61942.417088422667097031;81600759.392817481196642941;0.0;62101.691304809876734337;23,503,139;62101.691304809876734337
19280;10/14/2022, 5:00:00 PM;1665792000;32035.155571493384147901;41242735.240169269823555835;0.0;30951.694209826984685214;23,555,103;30951.694209826984685214
19281;10/15/2022, 5:00:00 PM;1665878400;31765.985701903207244799;41025525.487347283676164937;0.0;30563.185434319444040964;23,621,942;30563.185434319444040964
19282;10/16/2022, 5:00:00 PM;1665964800;42833.864599709595437643;56501932.629400789701269177;0.0;40644.244675366754090591;23,720,205;40644.244675366754090591
19283;10/17/2022, 5:00:00 PM;1666051200;59983.840287846759283986;79110176.165547428868448023;0.0;56701.648552521391493779;23,807,796;56701.648552521391493779
19284;10/18/2022, 5:00:00 PM;1666137600;54933.138240277507761766;71353325.638484961167377452;0.0;49951.676323796411468039;23,888,341;49951.676323796411468039
19285;10/19/2022, 5:00:00 PM;1666224000;51093.89902459436628716;65824498.360349827536893119;0.0;47549.510416158510265229;23,971,427;47549.510416158510265229
19286;10/20/2022, 5:00:00 PM;1666310400;60962.878464130780511943;78286303.294560635661186113;0.0;55054.911216522947580798;24,053,960;55054.911216522947580798
19287;10/21/2022, 5:00:00 PM;1666396800;41225.38890964795757081;53803637.943743436733866269;0.0;29364.954951602072575862;24,111,978;29364.954951602072575862
19288;10/22/2022, 5:00:00 PM;1666483200;95538.881550942083597539;126223626.261541777130911464;0.0;456413.01432415452024867;24,180,362;456413.01432415452024867
19289;10/23/2022, 5:00:00 PM;1666569600;82078.52494773030760439;110225898.832483169799455667;0.0;64163.45692977166317742;24,269,245;64163.45692977166317742
19290;10/24/2022, 5:00:00 PM;1666656000;117197.080847304575952388;165071480.202348509399886974;0.0;113544.360244122063829587;24,387,456;113544.360244122063829587
19291;10/25/2022, 5:00:00 PM;1666742400;97446.290704865738945652;149372388.799708134761000934;0.0;120747.783469835554816342;24,500,752;120747.783469835554816342
19292;10/26/2022, 5:00:00 PM;1666828800;98723.019671858396952201;153029807.828620029130771942;0.0;130931.931482603239922064;24,619,645;130931.931482603239922064
19293;10/27/2022, 5:00:00 PM;1666915200;76546.300077398594151785;116766144.282411792858208858;0.0;98584.748369187916030295;24,735,029;98584.748369187916030295
19294;10/28/2022, 5:00:00 PM;1667001600;73306.220838847702448549;118411580.389431852301105977;0.0;85881.589829239140117269;24,847,953;85881.589829239140117269
19295;10/29/2022, 5:00:00 PM;1667088000;51828.08871814876155127;83147555.092106032241868726;0.0;60525.151546550722447071;24,940,380;60525.151546550722447071
19296;10/30/2022, 5:00:00 PM;1667174400;72241.50181813068556764;114345591.857694169182996905;0.0;79925.426374812290366617;25,048,659;79925.426374812290366617
19297;10/31/2022, 5:00:00 PM;1667260800;49458.707822684794648005;78369819.285697952834429342;0.0;54933.231899748690774977;25,134,131;54933.231899748690774977
19298;11/1/2022, 5:00:00 PM;1667347200;107369.244667697180261186;167735718.959962646598347496;0.0;126794.351876190623099025;25,262,418;126794.351876190623099025
19299;11/2/2022, 5:00:00 PM;1667433600;95265.134864599745591285;146942399.248602053658107443;0.0;107158.899807681964498039;25,408,549;107158.899807681964498039
19300;11/3/2022, 5:00:00 PM;1667520000;139546.029780307847762443;223158871.253055298181369161;0.0;166109.237577029701064849;25,581,853;166109.237577029701064849
19301;11/4/2022, 5:00:00 PM;1667606400;86263.527129063945535978;141666758.672095302392657013;0.0;98238.851575839825167751;25,713,556;98238.851575839825167751
19302;11/5/2022, 5:00:00 PM;1667692800;77103.563399989200707624;124527985.187342571969653865;0.0;85611.825859464855581154;25,820,493;85611.825859464855581154
19303;11/6/2022, 4:00:00 PM;1667779200;127141.449543129449960763;200726664.395809583817854437;0.0;133740.424345834950935028;25,971,349;133740.424345834950935028
19304;11/7/2022, 4:00:00 PM;1667865600;303846.412579174223176553;439668100.809606555344791843;0.0;340012.395470091687992116;26,189,966;340012.395470091687992116
19305;11/8/2022, 4:00:00 PM;1667952000;299894.710932645477364818;362746257.84728101682098762;0.0;285421.142066279403424371;26,502,102;285421.142066279403424371
19306;11/9/2022, 4:00:00 PM;1668038400;290053.879759459625929026;355261921.347933293688067468;0.0;256537.816886507912280266;26,788,318;256537.816886507912280266
19307;11/10/2022, 4:00:00 PM;1668124800;211638.529238196502457991;267104149.225655540084031157;0.0;195868.09918234813302819;27,027,283;195868.09918234813302819
19308;11/11/2022, 4:00:00 PM;1668211200;106773.526511483332405801;134683253.733518125581798184;0.0;100233.012331338974510999;27,211,820;100233.012331338974510999
19309;11/12/2022, 4:00:00 PM;1668297600;88579.207200530986767224;109480561.021844529755204118;0.0;81370.375063562137637361;27,378,666;81370.375063562137637361
19310;11/13/2022, 4:00:00 PM;1668384000;143011.040100258302333382;175682243.788258225487967572;0.0;124914.380467814580071394;27,583,629;124914.380467814580071394
19311;11/14/2022, 4:00:00 PM;1668470400;103058.471148401134853303;129685967.406747821974237522;0.0;115317.122785663367038338;27,747,067;115317.122785663367038338
19312;11/15/2022, 4:00:00 PM;1668556800;84416.802488582761804825;103461884.896616734929009411;0.0;110568.081165798857878345;27,873,045;110568.081165798857878345
19313;11/16/2022, 4:00:00 PM;1668643200;70815.688979442114853937;85165076.087789399814745971;0.0;67105.816534790701980881;27,985,825;67105.816534790701980881
19314;11/17/2022, 4:00:00 PM;1668729600;47488.453395028137768957;57595546.359126726016148102;0.0;47904.701214159560669968;28,071,547;47904.701214159560669968
19315;11/18/2022, 4:00:00 PM;1668816000;33606.548499819788075635;40601441.79744298656046164;0.0;31608.45522563477124277;28,141,179;31608.45522563477124277
19316;11/19/2022, 4:00:00 PM;1668902400;70085.225966438215730262;82416193.980478964337957554;0.0;64195.750071976805613441;28,250,038;64195.750071976805613441
19317;11/20/2022, 4:00:00 PM;1668988800;142588.718257730010287663;159048747.174872114557507673;0.0;105917.348778176889721002;28,428,029;105917.348778176889721002
19318;11/21/2022, 4:00:00 PM;1669075200;114449.291688296234169576;126968679.278231310514344377;0.0;95982.110040019021517589;28,573,578;95982.110040019021517589
19319;11/22/2022, 4:00:00 PM;1669161600;81719.085979946654123919;94966347.367846269746714521;0.0;69108.121533449130312351;28,703,505;69108.121533449130312351
19320;11/23/2022, 4:00:00 PM;1669248000;64393.828999592826774542;77116169.394508374775292464;0.0;56945.711369763133570138;28,821,344;56945.711369763133570138
19321;11/24/2022, 4:00:00 PM;1669334400;51926.781584018140269879;61744529.649493774761841023;0.0;43025.834365639287156276;28,913,494;43025.834365639287156276
19322;11/25/2022, 4:00:00 PM;1669420800;47882.861498359180071693;58096664.282456359870574972;0.0;43107.829557039896883301;28,997,334;43107.829557039896883301
19323;11/26/2022, 4:00:00 PM;1669507200;30382.707398861934345975;36808372.169211627891916024;0.0;27037.599994008879527943;29,065,655;27037.599994008879527943
19324;11/27/2022, 4:00:00 PM;1669593600;49764.65780587908860154;58304419.31584244707243081;0.0;41923.215289509452490272;29,156,767;41923.215289509452490272
19325;11/28/2022, 4:00:00 PM;1669680000;41197.195714834154869065;49537583.006172092619720552;0.0;35875.430318301581955253;29,242,246;35875.430318301581955253
19326;11/29/2022, 4:00:00 PM;1669766400;79283.36766477329126905;100961770.463536667303961394;0.0;82171.763644193396986415;29,363,793;82171.763644193396986415
19327;11/30/2022, 4:00:00 PM;1669852800;59515.794954780702908924;76161025.457776129046758325;0.0;56013.969517882530064877;29,464,958;56013.969517882530064877
19328;12/1/2022, 4:00:00 PM;1669939200;44971.709249301928089345;57532134.164446619287061989;0.0;41809.237354348205205512;29,559,998;41809.237354348205205512
19329;12/2/2022, 4:00:00 PM;1670025600;29952.085961183114386928;38142324.180032778247911667;0.0;27189.899632323256982474;29,629,284;27189.899632323256982474
19330;12/3/2022, 4:00:00 PM;1670112000;29653.027522195429520097;37477462.737974042347094928;0.0;26522.817230314453966321;29,700,584;26522.817230314453966321
19331;12/4/2022, 4:00:00 PM;1670198400;40830.862798847313359266;52271670.41250118571482516;0.0;36492.613207415488533015;29,781,713;36492.613207415488533015
19332;12/5/2022, 4:00:00 PM;1670284800;34804.86553893987240877;43746036.599611178939306188;0.0;31832.747991660275295533;29,854,504;31832.747991660275295533
19333;12/6/2022, 4:00:00 PM;1670371200;39540.158255990832349515;49012976.873238404918208892;0.0;36477.002024736790707358;29,938,515;36477.002024736790707358
19334;12/7/2022, 4:00:00 PM;1670457600;41174.93823483664266359;51548428.096585316334773231;0.0;37976.605819577887598805;30,018,547;37976.605819577887598805
19335;12/8/2022, 4:00:00 PM;1670544000;34962.690334369087554233;44642368.818049026616256515;0.0;29897.538594360323638277;30,077,526;29897.538594360323638277
19336;12/9/2022, 4:00:00 PM;1670630400;15655.541146997738137888;19846646.588998817323354773;0.0;14631.900812179530000989;30,122,244;14631.900812179530000989
19337;12/10/2022, 4:00:00 PM;1670716800;19919.018535767501888141;25288540.165044433067980892;0.0;17515.670585440375914199;30,169,381;17515.670585440375914199
19338;12/11/2022, 4:00:00 PM;1670803200;33047.773135159177367985;41475730.651574028926060529;0.0;29748.017972692072232663;30,237,842;29748.017972692072232663
19339;12/12/2022, 4:00:00 PM;1670889600;63284.329483246253071979;82257252.602071930824607672;0.0;55521.673322224879518163;30,322,305;55521.673322224879518163
19340;12/13/2022, 4:00:00 PM;1670976000;47525.074220062607116418;62848585.975514840763163325;0.0;43776.779922875824658223;30,394,766;43776.779922875824658223
19341;12/14/2022, 4:00:00 PM;1671062400;33958.962476152587405689;43562218.804563157944338604;0.0;30099.680309813200264404;30,462,600;30099.680309813200264404
19342;12/15/2022, 4:00:00 PM;1671148800;68765.905187707961635228;83284895.809562560912543027;0.0;57468.960101886734475201;30,554,599;57468.960101886734475201
19343;12/16/2022, 4:00:00 PM;1671235200;33725.409240819484671698;39702444.541538651121431669;0.0;27225.734904564741247473;30,629,536;27225.734904564741247473
19344;12/17/2022, 4:00:00 PM;1671321600;23877.197372608895704963;28269821.067325350226027373;0.0;18054.116370850323587478;30,712,548;18054.116370850323587478
19345;12/18/2022, 4:00:00 PM;1671408000;44170.585639891094042257;51999907.1885478834947841;0.0;35394.063462571625691114;30,801,188;35394.063462571625691114
19346;12/19/2022, 4:00:00 PM;1671494400;41875.163649882108771298;50399042.738555836517686264;0.0;34033.48411514794288682;30,880,641;34033.48411514794288682
19347;12/20/2022, 4:00:00 PM;1671580800;21428.497262922734031053;25964724.347423723570086213;0.0;18318.811668232084631384;30,941,260;18318.811668232084631384
19348;12/21/2022, 4:00:00 PM;1671667200;28727.427825771308111529;34709152.552286185635709283;0.0;25237.624212049107924873;31,003,643;25237.624212049107924873
19349;12/22/2022, 4:00:00 PM;1671753600;23845.962390117446612285;29110666.566774730052455573;0.0;19841.29390513376261229;31,059,212;19841.29390513376261229
19350;12/23/2022, 4:00:00 PM;1671840000;8773.665013418813053925;10702795.955385718607110104;0.0;7829.759539013363225658;31,101,042;7829.759539013363225658
19351;12/24/2022, 4:00:00 PM;1671926400;18902.656372382478340871;22897772.701516070492715526;0.0;14330.226974114310949231;31,153,864;14330.226974114310949231
19352;12/25/2022, 4:00:00 PM;1672012800;14397.36871422739044181;17536725.704653049062006773;0.0;12559.137142275588178917;31,213,758;12559.137142275588178917
19353;12/26/2022, 4:00:00 PM;1672099200;23119.031164583017475881;28117620.078738600928804212;0.0;19131.615893703006480351;31,274,267;19131.615893703006480351
19354;12/27/2022, 4:00:00 PM;1672185600;29866.008786411250136477;35734599.772523324784067348;0.0;25023.92395745840474072;31,341,464;25023.92395745840474072
19355;12/28/2022, 4:00:00 PM;1672272000;22066.0207418651139401;26398930.287464605370867725;0.0;18648.996849990459729684;31,407,723;18648.996849990459729684
19356;12/29/2022, 4:00:00 PM;1672358400;21342.843361041190043881;25477858.385706578573406807;0.0;18425.994658402465527806;31,470,582;18425.994658402465527806
19357;12/30/2022, 4:00:00 PM;1672444800;15568.106194148234700527;18676435.906083955325428078;0.0;14842.284292614334625284;31,531,091;14842.284292614334625284
19358;12/31/2022, 4:00:00 PM;1672531200;11458.011182937982518224;13706194.621866901539009978;0.0;11678.819111415302824953;31,572,252;11678.819111415302824953
19359;1/1/2023, 4:00:00 PM;1672617600;23083.341348830681777018;27959886.346123732275913428;0.0;19243.508977125368726482;31,628,771;19243.508977125368726482
19360;1/2/2023, 4:00:00 PM;1672704000;18789.45264142943308367;22796536.671592617735933516;0.0;15398.203338200889386882;31,682,737;15398.203338200889386882
19361;1/3/2023, 4:00:00 PM;1672790400;36327.23077600921428061;45294498.660101681748909537;0.0;31583.101163062694922524;31,754,191;31583.101163062694922524
19362;1/4/2023, 4:00:00 PM;1672876800;17344.857328412734256864;21696940.066090969016076751;0.0;16826.883076609360756727;31,801,890;16826.883076609360756727
19363;1/5/2023, 4:00:00 PM;1672963200;25366.439876917902135002;31835291.207535235089126832;0.0;21731.038929734178719394;31,859,256;21731.038929734178719394
19364;1/6/2023, 4:00:00 PM;1673049600;11424.102947067845291782;14467178.822988025556393755;0.0;11664.343448764106703507;31,901,674;11664.343448764106703507
19365;1/7/2023, 4:00:00 PM;1673136000;24687.233186712416064616;31337297.598487156835189859;0.0;22645.649839139597489236;31,961,854;22645.649839139597489236
19366;1/8/2023, 4:00:00 PM;1673222400;50954.880006245661770644;67185781.472524652568822445;0.0;49046.061209766425173555;32,059,722;49046.061209766425173555
19367;1/9/2023, 4:00:00 PM;1673308800;36803.103453485218429833;48944501.347894010598322531;0.0;36536.960022993385400234;32,130,096;36536.960022993385400234
19368;1/10/2023, 4:00:00 PM;1673395200;41833.153959163722474474;56224088.093158687945100369;0.0;40038.075757067229144563;32,200,034;40038.075757067229144563
19369;1/11/2023, 4:00:00 PM;1673481600;72280.398265159615602303;101422164.193933449876913402;0.0;70869.662623568484930072;32,311,642;70869.662623568484930072
19370;1/12/2023, 4:00:00 PM;1673568000;43543.805634219667745896;61928132.459315794678654674;0.0;46536.291002178859669773;32,408,379;46536.291002178859669773
19371;1/13/2023, 4:00:00 PM;1673654400;102615.377979341450905102;157355962.490929390349758534;0.0;120933.835008507816299393;32,557,019;120933.835008507816299393
19372;1/14/2023, 4:00:00 PM;1673740800;51317.88895650482753251;78984471.142579374568968926;0.0;60800.637818820652957522;32,653,231;60800.637818820652957522
19373;1/15/2023, 4:00:00 PM;1673827200;71660.288252137386988584;111956235.908292635100279091;0.0;86918.750067616636188042;32,772,803;86918.750067616636188042
19374;1/16/2023, 4:00:00 PM;1673913600;47182.86245787981247426;74200167.206735403916843543;0.0;62778.026367220930160801;32,867,125;62778.026367220930160801
19375;1/17/2023, 4:00:00 PM;1674000000;73310.858675392370684823;113864119.18792600951745381;0.0;87606.24682434946838935;32,980,353;87606.24682434946838935
19376;1/18/2023, 4:00:00 PM;1674086400;33024.74744409546577777;50579621.593384915891237393;0.0;43499.825920502950797812;33,062,254;43499.825920502950797812
19377;1/19/2023, 4:00:00 PM;1674172800;43177.599112798909434078;68858445.518471478469565133;0.0;54457.50600242251702088;33,158,303;54457.50600242251702088
19378;1/20/2023, 4:00:00 PM;1674259200;53171.966181080004869391;87777265.569804577963447196;0.0;67309.26066925256537111;33,255,369;67309.26066925256537111
19379;1/21/2023, 4:00:00 PM;1674345600;47727.344955429242670959;77855774.793162922894871994;0.0;64948.372365724441824642;33,346,065;64948.372365724441824642
19380;1/22/2023, 4:00:00 PM;1674432000;45242.692845734022133857;73620714.067610930294749738;0.0;59228.233688988527013602;33,434,296;59228.233688988527013602
19381;1/23/2023, 4:00:00 PM;1674518400;55574.446303111818563875;89403464.442904146359209224;0.0;75078.275398884713016573;33,538,713;75078.275398884713016573
19382;1/24/2023, 4:00:00 PM;1674604800;62718.785129449750150345;98555364.610551753332099449;0.0;75493.548935073198701552;33,649,106;75493.548935073198701552
19383;1/25/2023, 4:00:00 PM;1674691200;84259.5973420742880283;135392362.122451428110771483;0.0;118481.716530795655004748;33,786,862;118481.716530795655004748
19384;1/26/2023, 4:00:00 PM;1674777600;81349.468278201096836656;129067363.71252848604438534;0.0;109156.47157777013252621;33,921,376;109156.47157777013252621
19385;1/27/2023, 4:00:00 PM;1674864000;46257.740255928087157003;73199486.310009975055220564;0.0;64112.878698173094209671;34,015,499;64112.878698173094209671
19386;1/28/2023, 4:00:00 PM;1674950400;59096.45388714321593605;95150975.533386279602757418;0.0;81667.047990244487276202;34,116,641;81667.047990244487276202
19387;1/29/2023, 4:00:00 PM;1675036800;59900.176860109055926264;94950653.900146407970041611;0.0;81280.78646650180038978;34,216,700;81280.78646650180038978
19388;1/30/2023, 4:00:00 PM;1675123200;43559.994051905458247104;68796813.074311661825462152;0.0;55313.802889525331411931;34,299,992;55313.802889525331411931
19389;1/31/2023, 4:00:00 PM;1675209600;76555.860069956734830317;122438903.244784432977299543;0.0;101571.048423749930768966;34,408,519;101571.048423749930768966
19390;2/1/2023, 4:00:00 PM;1675296000;74833.811072988561306694;125034049.184836321806565089;0.0;109337.608344961730044082;34,526,829;109337.608344961730044082
19391;2/2/2023, 4:00:00 PM;1675382400;59401.019222297232098177;98069713.322979079616406324;0.0;86403.718646421475491251;34,619,552;86403.718646421475491251
19392;2/3/2023, 4:00:00 PM;1675468800;38440.98008386779821241;64231410.354706032825698044;0.0;61094.834067554429109229;34,701,150;61094.834067554429109229
19393;2/4/2023, 4:00:00 PM;1675555200;46360.807232279417768747;76202969.345425977600339522;0.0;63532.593107458243044856;34,784,219;63532.593107458243044856
19394;2/5/2023, 4:00:00 PM;1675641600;46700.502177131058839625;76290098.66811221341421581;0.0;65186.438452314401492059;34,874,053;65186.438452314401492059
19395;2/6/2023, 4:00:00 PM;1675728000;58103.805843052434043008;95489995.319398255643989662;0.0;89150.304688732961156074;34,975,543;89150.304688732961156074
19396;2/7/2023, 4:00:00 PM;1675814400;73951.65199179573454538;122865274.284007872373906659;0.0;114801.390342494320064648;35,092,996;114801.390342494320064648
19397;2/8/2023, 4:00:00 PM;1675900800;135498.263323245715695122;216685876.632666916308564349;0.0;192505.98310670748895334;35,238,349;192505.98310670748895334
19398;2/9/2023, 4:00:00 PM;1675987200;115929.307657479737434672;178004475.843314308658519037;0.0;143442.996833818212043555;35,362,436;143442.996833818212043555
19399;2/10/2023, 4:00:00 PM;1676073600;42135.665755478508935225;64039431.075857660964129722;0.0;62329.510913274771777168;35,426,782;62329.510913274771777168
19400;2/11/2023, 4:00:00 PM;1676160000;51521.730693744260707095;78825553.013630716862734878;0.0;61667.576446388820028056;35,492,377;61667.576446388820028056
19401;2/12/2023, 4:00:00 PM;1676246400;86907.31890998955671386;129887295.397223711877903131;0.0;110803.069090865746590005;35,590,843;110803.069090865746590005
19402;2/13/2023, 4:00:00 PM;1676332800;91011.03092622557891454;139169753.264961501328626678;0.0;104602.473703076771459923;35,677,393;104602.473703076771459923
19403;2/14/2023, 4:00:00 PM;1676419200;63662.525414922698872113;101825821.37751564521158504;0.0;82078.830376589784012837;35,755,360;82078.830376589784012837
19404;2/15/2023, 4:00:00 PM;1676505600;118103.745124239063526562;199356830.339738822876698463;0.0;168759.491670295273915568;35,879,400;168759.491670295273915568
19405;2/16/2023, 4:00:00 PM;1676592000;127195.160149262060813109;212775322.785102769771882071;0.0;229078.134627365561056358;36,014,847;229078.134627365561056358
19406;2/17/2023, 4:00:00 PM;1676678400;52879.912125228978158882;89653672.455935816989217289;0.0;95646.372044066045872313;36,098,754;95646.372044066045872313
19407;2/18/2023, 4:00:00 PM;1676764800;73910.845148341730166057;125196375.228981142359585861;0.0;109617.959539120123294191;36,189,796;109617.959539120123294191
19408;2/19/2023, 4:00:00 PM;1676851200;67587.118769472376851347;114625258.370673653790151578;0.0;93603.212002216652974098;36,275,823;93603.212002216652974098
19409;2/20/2023, 4:00:00 PM;1676937600;79726.329993199128228817;133900434.457160173167637632;0.0;109158.36669287069224727;36,372,935;109158.36669287069224727
19410;2/21/2023, 4:00:00 PM;1677024000;83169.992531401392045404;135677803.491881063550643358;0.0;104222.665503026893513781;36,479,493;104222.665503026893513781
19411;2/22/2023, 4:00:00 PM;1677110400;67620.913413658447297947;111890242.49920049747814893;0.0;92514.25227922488809062;36,566,070;92514.25227922488809062
19412;2/23/2023, 4:00:00 PM;1677196800;64554.414607212188011607;104781629.320487414999716404;0.0;89013.909894082118476715;36,660,220;89013.909894082118476715
19413;2/24/2023, 4:00:00 PM;1677283200;44354.273166108128972459;70597775.116985831674885185;0.0;56191.940654529648700702;36,743,693;56191.940654529648700702
19414;2/25/2023, 4:00:00 PM;1677369600;35727.493170125728351552;57669505.342803691708456103;0.0;46424.039662856027162105;36,813,536;46424.039662856027162105
19415;2/26/2023, 4:00:00 PM;1677456000;52700.222113349501433463;86310508.94334895384574946;0.0;66760.454808400591552988;36,902,244;66760.454808400591552988
19416;2/27/2023, 4:00:00 PM;1677542400;44551.229464905815512735;72502197.458767478030496082;0.0;56484.925799821866029883;36,977,317;56484.925799821866029883
19417;2/28/2023, 4:00:00 PM;1677628800;50057.765308937998818108;82354821.681237117150914277;0.0;64514.332466484960760267;37,055,729;64514.332466484960760267
19418;3/1/2023, 4:00:00 PM;1677715200;43269.781034339982567154;71042797.988490944540385498;0.0;55413.413614783742871228;37,126,846;55413.413614783742871228
19419;3/2/2023, 4:00:00 PM;1677801600;60343.166552741327634647;95057380.381793264649237248;0.0;75500.786997798643126643;37,211,960;75500.786997798643126643
19420;3/3/2023, 4:00:00 PM;1677888000;27684.658226647535735508;43285492.106864675173149786;0.0;35939.517333361038036898;37,277,853;35939.517333361038036898
19421;3/4/2023, 4:00:00 PM;1677974400;31117.788231579644574766;48848013.590675694237354465;0.0;38710.704761073125379583;37,350,819;38710.704761073125379583
19422;3/5/2023, 4:00:00 PM;1678060800;28316.524627731557663697;44357208.590282202986970232;0.0;37182.432994310059858359;37,414,565;37182.432994310059858359
19423;3/6/2023, 4:00:00 PM;1678147200;56218.253703790905939088;87743898.162814365025892201;0.0;68358.175972141218471033;37,494,716;68358.175972141218471033
19424;3/7/2023, 4:00:00 PM;1678233600;56977.879151243946016794;88552635.847409983748581656;0.0;65558.030082345736019101;37,580,709;65558.030082345736019101
19425;3/8/2023, 4:00:00 PM;1678320000;86952.889099383686793531;130054540.781595430387304944;0.0;90611.725840252131241129;37,684,808;90611.725840252131241129
19426;3/9/2023, 4:00:00 PM;1678406400;127217.538371641534728195;179687139.97731850405643125;0.0;123556.480187788490569922;37,822,667;123556.480187788490569922
19427;3/10/2023, 4:00:00 PM;1678492800;220334.271284522031718248;342639605.317388995745846758;0.0;249044.96956783539098047;38,013,775;249044.96956783539098047
19428;3/11/2023, 4:00:00 PM;1678579200;88116.487699929549910706;137602064.401997020137726708;0.0;101577.010981586611855973;38,125,206;101577.010981586611855973
19429;3/12/2023, 5:00:00 PM;1678665600;113587.060095420879300189;186559805.517578291888417145;0.0;125141.969608570626451222;38,254,674;125141.969608570626451222
19430;3/13/2023, 5:00:00 PM;1678752000;117401.883509967767716184;201678979.189886887065245338;0.0;136716.416629497797563842;38,385,240;136716.416629497797563842
19431;3/14/2023, 5:00:00 PM;1678838400;94029.636228105619436538;157428568.831543376268234313;0.0;109376.987470159670748214;38,507,702;109376.987470159670748214
19432;3/15/2023, 5:00:00 PM;1678924800;60436.405696303468945102;100378326.957689389254500103;0.0;71380.898029090990034339;38,607,602;71380.898029090990034339
19433;3/16/2023, 5:00:00 PM;1679011200;80488.451372891969068525;139571947.689136485267733793;0.0;93740.117704038771491035;38,726,003;93740.117704038771491035
19434;3/17/2023, 5:00:00 PM;1679097600;67113.378057453887931913;120910237.03638811419137511;0.0;91974.119786797615734482;38,839,678;91974.119786797615734482
19435;3/18/2023, 5:00:00 PM;1679184000;60321.830615267166066573;108811830.778553184842669611;0.0;81447.747012540595659178;38,938,805;81447.747012540595659178
19436;3/19/2023, 5:00:00 PM;1679270400;73792.948687737878969494;130636623.13018008163173438;0.0;93818.510043183629058026;39,059,474;93818.510043183629058026
19437;3/20/2023, 5:00:00 PM;1679356800;69916.337453604919676948;124765931.476718317181189954;0.0;89122.086792674309339854;39,159,499;89122.086792674309339854
19438;3/21/2023, 5:00:00 PM;1679443200;85276.202455122798031102;151362861.51911011390402652;0.0;104600.756277369350974484;39,267,272;104600.756277369350974484
19439;3/22/2023, 5:00:00 PM;1679529600;52844.192157136364778972;94845002.693151989482225642;0.0;67715.983724284864533595;39,359,562;67715.983724284864533595
19440;3/23/2023, 5:00:00 PM;1679616000;55114.816967170154309513;97660995.625255536936099442;0.0;71552.145765563992306962;39,455,362;71552.145765563992306962
19441;3/24/2023, 5:00:00 PM;1679702400;25117.033918231558559266;43855625.745578223410961574;0.0;34802.052473541501990766;39,529,947;34802.052473541501990766
19442;3/25/2023, 5:00:00 PM;1679788800;26581.117562200209048165;47047213.361795688668482858;0.0;36020.030273830132241051;39,597,093;36020.030273830132241051
19443;3/26/2023, 5:00:00 PM;1679875200;38283.63180312580106786;66432035.59021860704795591;0.0;48977.1616518330256503;39,687,255;48977.1616518330256503
19444;3/27/2023, 5:00:00 PM;1679961600;40002.904698180661008285;69815857.106668969996014898;0.0;49784.178828608472612518;39,778,188;49784.178828608472612518
19445;3/28/2023, 5:00:00 PM;1680048000;36530.945093223920513467;65813892.506294735309590352;0.0;49151.508826095917971519;39,862,648;49151.508826095917971519
19446;3/29/2023, 5:00:00 PM;1680134400;44247.581835363552104874;79339102.302551263830245323;0.0;55831.156220323001091831;39,954,617;55831.156220323001091831
19447;3/30/2023, 5:00:00 PM;1680220800;34143.362652813528481211;61923737.499755515848835463;0.0;46640.893527734282321194;40,041,685;46640.893527734282321194
19448;3/31/2023, 5:00:00 PM;1680307200;16624.952570776768745681;30313733.410667765012980909;0.0;24583.344592191450975682;40,110,163;24583.344592191450975682
19449;4/1/2023, 5:00:00 PM;1680393600;21432.709980210500457073;38667733.464664116864504678;0.0;30188.175407000234325568;40,175,203;30188.175407000234325568
19450;4/2/2023, 5:00:00 PM;1680480000;42394.346008079155574659;76306731.431263676040014955;0.0;55784.456645147433741507;40,260,384;55784.456645147433741507
19451;4/3/2023, 5:00:00 PM;1680566400;36631.2628241015880071;67860642.122182892287122867;0.0;50754.534222022271490903;40,345,160;50754.534222022271490903
19452;4/4/2023, 5:00:00 PM;1680652800;35342.547248587560008127;67360616.515723937891893126;0.0;50401.788837654538187768;40,426,928;50401.788837654538187768
19453;4/5/2023, 5:00:00 PM;1680739200;24476.334290575972574489;45968517.053928506181171206;0.0;34498.746524494570279983;40,492,672;34498.746524494570279983
19454;4/6/2023, 5:00:00 PM;1680825600;18761.916092676913538144;34905731.986691620838568019;0.0;27030.717475391627929916;40,555,114;27030.717475391627929916
19455;4/7/2023, 5:00:00 PM;1680912000;11952.406645751800925034;22303328.925668984685581787;0.0;16908.048012093710665036;40,611,377;16908.048012093710665036
19456;4/8/2023, 5:00:00 PM;1680998400;17456.086997755476330224;32242695.773075258152451655;0.0;25819.970365099343009565;40,685,404;25819.970365099343009565
19457;4/9/2023, 5:00:00 PM;1681084800;24105.857512436967852696;45270564.337133645473066341;0.0;34887.482823701369723831;40,775,443;34887.482823701369723831
19458;4/10/2023, 5:00:00 PM;1681171200;30819.271580098293354897;58975706.870793382686180975;0.0;44704.17215204623797531;40,861,364;44704.17215204623797531
19459;4/11/2023, 5:00:00 PM;1681257600;38236.74624071278958479;72477257.005367729377063178;0.0;53442.236668192423636335;40,949,898;53442.236668192423636335
19460;4/12/2023, 5:00:00 PM;1681344000;30596.82995954523302075;60344337.734309995411476876;0.0;48812.409212247722219517;41,033,302;48812.409212247722219517
19461;4/13/2023, 5:00:00 PM;1681430400;46742.241803018951040424;97822369.541868660504047159;0.0;75192.201859925432353456;41,138,756;75192.201859925432353456
19462;4/14/2023, 5:00:00 PM;1681516800;21317.441369723366429413;44713306.024366907581935018;0.0;39615.86252942929525085;41,216,752;39615.86252942929525085
19463;4/15/2023, 5:00:00 PM;1681603200;19870.31105917484423857;41803429.884537639736147401;0.0;38003.776510564196336415;41,284,861;38003.776510564196336415
19464;4/16/2023, 5:00:00 PM;1681689600;28918.016155263515784818;60307878.456966186001533376;0.0;58823.585269105333430822;41,361,439;58823.585269105333430822
19465;4/17/2023, 5:00:00 PM;1681776000;26259.103490672203456567;55002975.460840956327677367;0.0;72527.52335860723322919;41,443,694;72527.52335860723322919
19466;4/18/2023, 5:00:00 PM;1681862400;47426.365373260376855993;95033926.746090945604268145;0.0;88872.388583066034782232;41,527,747;88872.388583066034782232
19467;4/19/2023, 5:00:00 PM;1681948800;38669.725596862042964069;75275997.661496388170492558;0.0;66006.149561267935818767;41,613,890;66006.149561267935818767
19468;4/20/2023, 5:00:00 PM;1682035200;38973.366701313693236909;73750929.349898738645839226;0.0;56485.499606015331428944;41,696,725;56485.499606015331428944
19469;4/21/2023, 5:00:00 PM;1682121600;16863.922888855718303438;31386561.219365388785745363;0.0;31461.152214436582248255;41,758,659;31461.152214436582248255
19470;4/22/2023, 5:00:00 PM;1682208000;25673.718077585887549866;47785901.573812964572169414;0.0;50104.728012469853089266;41,829,397;50104.728012469853089266
19471;4/23/2023, 5:00:00 PM;1682294400;38633.074248356831998164;71380800.036750762474969653;0.0;57409.173432978641944636;41,906,333;57409.173432978641944636
19472;4/24/2023, 5:00:00 PM;1682380800;34627.483225352630058657;63522535.585154156551396838;0.0;52426.133962188811604836;41,979,818;52426.133962188811604836
19473;4/25/2023, 5:00:00 PM;1682467200;60639.296705878501674613;114277315.055637149659286333;0.0;87553.090935157328907027;42,076,510;87553.090935157328907027
19474;4/26/2023, 5:00:00 PM;1682553600;50168.002529722039986789;95371341.036816914383003607;0.0;71912.830877917368397738;42,157,023;71912.830877917368397738
19475;4/27/2023, 5:00:00 PM;1682640000;29739.555461281815286618;56560058.781726669569483268;0.0;46298.871187224373085826;42,214,751;46298.871187224373085826
19476;4/28/2023, 5:00:00 PM;1682726400;14623.612010788279529867;27801323.989840206258719943;0.0;28262.997786112531712538;42,267,190;28262.997786112531712538
19477;4/29/2023, 5:00:00 PM;1682812800;20511.06226668146539757;39121922.56123308272237886;0.0;36697.867178214202093538;42,327,200;36697.867178214202093538
19478;4/30/2023, 5:00:00 PM;1682899200;29831.453360382353179931;54898837.338879065157652067;0.0;44212.530759852773159746;42,396,487;44212.530759852773159746
19479;5/1/2023, 5:00:00 PM;1682985600;23644.926106226663627643;43744289.393363958226337002;0.0;36550.782745563332397828;42,463,643;36550.782745563332397828
19480;5/2/2023, 5:00:00 PM;1683072000;37586.465398554013941403;70442460.553071121063111261;0.0;55086.646519944047413237;42,540,883;55086.646519944047413237
19481;5/3/2023, 5:00:00 PM;1683158400;17705.317306842206799256;33536744.870107169863475637;0.0;27595.279844934316762785;42,600,252;27595.279844934316762785
19482;5/4/2023, 5:00:00 PM;1683244800;29513.071957803072209487;57146461.551689399349058928;0.0;46087.488468290275560774;42,672,340;46087.488468290275560774
19483;5/5/2023, 5:00:00 PM;1683331200;28249.789186653074046634;54347742.748718306564488371;0.0;42113.268570163801219241;42,746,127;42113.268570163801219241
19484;5/6/2023, 5:00:00 PM;1683417600;18669.026031251534972127;35634838.505025381743241204;0.0;30010.948264182567641176;42,809,070;30010.948264182567641176
19485;5/7/2023, 5:00:00 PM;1683504000;35519.167614948474544499;65816582.76376784349113142;0.0;53555.227080103803398876;42,900,509;53555.227080103803398876
19486;5/8/2023, 5:00:00 PM;1683590400;23221.793975654898757333;42880026.355504188114072336;0.0;33264.23510245718059102;42,978,644;33264.23510245718059102
19487;5/9/2023, 5:00:00 PM;1683676800;42843.765338540003508537;79172105.498138989105144946;0.0;59691.257981584022465739;43,069,015;59691.257981584022465739
19488;5/10/2023, 5:00:00 PM;1683763200;29209.992935245636770474;52861126.79551163753236145;0.0;41214.935824691049718347;43,154,288;41214.935824691049718347
19489;5/11/2023, 5:00:00 PM;1683849600;38649.585521710949947297;68498608.251773887494091282;0.0;51337.071316150788491736;43,243,413;51337.071316150788491736
19490;5/12/2023, 5:00:00 PM;1683936000;14536.568507957365942779;26188486.404721395252486368;0.0;20141.190315282142948788;43,302,756;20141.190315282142948788
19491;5/13/2023, 5:00:00 PM;1684022400;15401.016678484765052309;27805914.877863603132362287;0.0;21108.976945968413764261;43,359,232;21108.976945968413764261
19492;5/14/2023, 5:00:00 PM;1684108800;22730.510858745447371115;41454799.682457687548506182;0.0;31910.564660956833189179;43,430,482;31910.564660956833189179
19493;5/15/2023, 5:00:00 PM;1684195200;22609.723071088579897969;41090860.352802487390735187;0.0;30833.497834024357898137;43,507,145;30833.497834024357898137
19494;5/16/2023, 5:00:00 PM;1684281600;28746.169701741000333549;52137236.016893143299512999;0.0;42836.260942813699871978;43,592,706;42836.260942813699871978
19495;5/17/2023, 5:00:00 PM;1684368000;27518.278312145410732124;49835226.607184826076007891;0.0;41245.79275711286544936;43,677,768;41245.79275711286544936
19496;5/18/2023, 5:00:00 PM;1684454400;18368.256827172170254731;33256679.824391663268943608;0.0;29220.907565689047194208;43,742,800;29220.907565689047194208
19497;5/19/2023, 5:00:00 PM;1684540800;7988.360405238112419442;14508854.487939794592550573;0.0;15664.503396572158307814;43,797,025;15664.503396572158307814
19498;5/20/2023, 5:00:00 PM;1684627200;10943.792757867241859886;19847822.529845974827848233;0.0;18281.529646263742612635;43,852,399;18281.529646263742612635
19499;5/21/2023, 5:00:00 PM;1684713600;18090.273957254438796797;32769857.448547099408028707;0.0;26714.750826580905297941;43,919,026;26714.750826580905297941
19500;5/22/2023, 5:00:00 PM;1684800000;18475.031664544225450013;34160009.75482323472887696;0.0;28885.046108397522964204;43,989,369;28885.046108397522964204
19501;5/23/2023, 5:00:00 PM;1684886400;23983.050819965502127198;43379988.761102649081506067;0.0;40100.937530454315901961;44,065,161;40100.937530454315901961
19502;5/24/2023, 5:00:00 PM;1684972800;25127.52764423703704257;45077126.688723328091323207;0.0;36895.839837464224364719;44,138,870;36895.839837464224364719
19503;5/25/2023, 5:00:00 PM;1685059200;29873.024328854398749108;54338417.617411627727605906;0.0;48096.667986253159919142;44,219,705;48096.667986253159919142
19504;5/26/2023, 5:00:00 PM;1685145600;13203.203989131158007381;24128182.528761620660573978;0.0;21655.517903259205172725;44,278,009;21655.517903259205172725
19505;5/27/2023, 5:00:00 PM;1685232000;22372.014964530309501549;41633891.115884146640270188;0.0;34397.373389165892428823;44,347,130;34397.373389165892428823
19506;5/28/2023, 5:00:00 PM;1685318400;21586.275538675690184365;41012549.325693871925499696;0.0;34229.539124766174737314;44,417,120;34229.539124766174737314
19507;5/29/2023, 5:00:00 PM;1685404800;19928.696272301997471765;37946958.532115989504080641;0.0;32917.264008775646823396;44,488,315;32917.264008775646823396
19508;5/30/2023, 5:00:00 PM;1685491200;21584.418942611466961375;40390685.875684522979233085;0.0;32696.816676378149405625;44,565,409;32696.816676378149405625
19509;5/31/2023, 5:00:00 PM;1685577600;22467.308329687831658671;41894612.992059545599859685;0.0;32103.095280424608938226;44,639,361;32103.095280424608938226
19510;6/1/2023, 5:00:00 PM;1685664000;21437.535839447675287377;40407638.382324240749748929;0.0;35528.345549683549273527;44,725,948;35528.345549683549273527
19511;6/2/2023, 5:00:00 PM;1685750400;10004.378036123967022786;18996983.967050391819904351;0.0;18002.006260128390008544;44,782,382;18002.006260128390008544
19512;6/3/2023, 5:00:00 PM;1685836800;12035.268221162984200388;22871580.524921147115347286;0.0;21137.990410475217118819;44,839,745;21137.990410475217118819
19513;6/4/2023, 5:00:00 PM;1685923200;32052.917477036050330259;58902114.22618613803723131;0.0;54469.336110376481095545;44,926,244;54469.336110376481095545
19514;6/5/2023, 5:00:00 PM;1686009600;36311.05997110710485956;66884176.31654831752657889;0.0;55777.526459697918992631;45,022,335;55777.526459697918992631
19515;6/6/2023, 5:00:00 PM;1686096000;31809.094330146414480202;59148001.549976695338416459;0.0;53539.562707865820351477;45,116,572;53539.562707865820351477